benchmark,condition,method,item_id,llm1_label,consensus,g_m,u_m,hedge
ArMIS,blind,single_hedge,ArMIS-test-1,1,1,0.0,0.0,not uncertain
ArMIS,blind,single_hedge,ArMIS-test-2,0,0,0.2222222222222222,0.2222222222222222,not uncertain
ArMIS,blind,single_hedge,ArMIS-test-3,0,0,0.2222222222222222,0.2222222222222222,somewhat uncertain
ArMIS,blind,single_hedge,ArMIS-test-4,0,0,0.0,0.0,somewhat uncertain
ArMIS,blind,single_hedge,ArMIS-test-5,0,0,0.0,0.0,not uncertain
ArMIS,blind,single_hedge,ArMIS-test-6,1,1,0.0,0.0,not uncertain
ArMIS,blind,single_hedge,ArMIS-test-7,1,1,0.2222222222222222,0.2222222222222222,somewhat uncertain
ArMIS,blind,single_hedge,ArMIS-test-8,0,0,0.0,0.0,not uncertain
ArMIS,blind,single_hedge,ArMIS-test-9,0,0,0.0,0.0,not uncertain
ArMIS,blind,single_hedge,ArMIS-test-10,1,1,0.0,0.0,not uncertain
ArMIS,blind,single_hedge,ArMIS-test-11,0,0,0.2222222222222222,0.2222222222222222,somewhat uncertain
ArMIS,blind,single_hedge,ArMIS-test-12,0,0,0.0,0.0,not uncertain
ArMIS,blind,single_hedge,ArMIS-test-13,1,1,0.0,0.0,not uncertain
ArMIS,blind,single_hedge,ArMIS-test-14,0,0,0.0,0.0,not uncertain
ArMIS,blind,single_hedge,ArMIS-test-15,0,0,0.0,0.0,not uncertain
ArMIS,blind,single_hedge,ArMIS-test-16,1,1,0.2222222222222222,0.2222222222222222,not uncertain
ArMIS,blind,single_hedge,ArMIS-test-17,0,0,0.0,0.0,not uncertain
ArMIS,blind,single_hedge,ArMIS-test-18,1,1,0.0,0.0,not uncertain
ArMIS,blind,single_hedge,ArMIS-test-19,1,1,0.2222222222222222,0.2222222222222222,not uncertain
ArMIS,blind,single_hedge,ArMIS-test-20,1,1,0.2222222222222222,0.2222222222222222,not uncertain
ArMIS,blind,single_hedge,ArMIS-test-21,0,0,0.0,0.0,not uncertain
ArMIS,blind,single_hedge,ArMIS-test-22,1,1,0.0,0.0,not uncertain
ArMIS,blind,single_hedge,ArMIS-test-23,1,1,0.0,0.0,not uncertain
ArMIS,blind,single_hedge,ArMIS-test-24,0,0,0.0,0.0,not uncertain
ArMIS,blind,single_hedge,ArMIS-test-25,0,0,0.0,0.0,not uncertain
ArMIS,blind,single_hedge,ArMIS-test-26,0,0,0.2222222222222222,0.2222222222222222,not uncertain
ArMIS,blind,single_hedge,ArMIS-test-27,0,0,0.0,0.0,not uncertain
ArMIS,blind,single_hedge,ArMIS-test-28,1,1,0.2222222222222222,0.2222222222222222,not uncertain
ArMIS,blind,single_hedge,ArMIS-test-29,0,0,0.0,0.0,not uncertain
ArMIS,blind,single_hedge,ArMIS-test-30,1,1,0.2222222222222222,0.2222222222222222,not uncertain
ArMIS,blind,single_hedge,ArMIS-test-31,1,1,0.0,0.0,not uncertain
ArMIS,blind,single_hedge,ArMIS-test-32,1,1,0.2222222222222222,0.2222222222222222,not uncertain
ArMIS,blind,single_hedge,ArMIS-test-33,0,0,0.2222222222222222,0.2222222222222222,not uncertain
ArMIS,blind,single_hedge,ArMIS-test-34,0,0,0.0,0.0,not uncertain
ArMIS,blind,single_hedge,ArMIS-test-35,1,1,0.0,0.0,not uncertain
ArMIS,blind,single_hedge,ArMIS-test-36,0,0,0.2222222222222222,0.2222222222222222,somewhat uncertain
ArMIS,blind,single_hedge,ArMIS-test-37,0,0,0.0,0.0,not uncertain
ArMIS,blind,single_hedge,ArMIS-test-38,0,0,0.2222222222222222,0.2222222222222222,not uncertain
ArMIS,blind,single_hedge,ArMIS-test-39,0,0,0.2222222222222222,0.2222222222222222,not uncertain
ArMIS,blind,single_hedge,ArMIS-test-40,0,0,0.0,0.0,somewhat uncertain
ArMIS,blind,single_hedge,ArMIS-test-41,0,0,0.2222222222222222,0.2222222222222222,not uncertain
ArMIS,blind,single_hedge,ArMIS-test-42,1,1,0.2222222222222222,0.2222222222222222,not uncertain
ArMIS,blind,single_hedge,ArMIS-test-43,0,0,0.2222222222222222,0.2222222222222222,somewhat uncertain
ArMIS,blind,single_hedge,ArMIS-test-44,1,1,0.0,0.0,not uncertain
ArMIS,blind,single_hedge,ArMIS-test-45,1,1,0.0,0.0,not uncertain
ArMIS,blind,single_hedge,ArMIS-test-46,0,0,0.2222222222222222,0.2222222222222222,not uncertain
ArMIS,blind,single_hedge,ArMIS-test-47,0,0,0.0,0.0,not uncertain
ArMIS,blind,single_hedge,ArMIS-test-48,0,0,0.2222222222222222,0.2222222222222222,somewhat uncertain
ArMIS,blind,single_hedge,ArMIS-test-49,0,0,0.2222222222222222,0.2222222222222222,not uncertain
ArMIS,blind,single_hedge,ArMIS-test-50,1,1,0.0,0.0,not uncertain
ArMIS,blind,single_hedge,ArMIS-test-51,0,0,0.2222222222222222,0.2222222222222222,not uncertain
ArMIS,blind,single_hedge,ArMIS-test-52,1,1,0.0,0.0,not uncertain
ArMIS,blind,single_hedge,ArMIS-test-53,1,1,0.2222222222222222,0.2222222222222222,not uncertain
ArMIS,blind,single_hedge,ArMIS-test-54,1,1,0.0,0.0,not uncertain
ArMIS,blind,single_hedge,ArMIS-test-55,1,1,0.0,0.0,not uncertain
ArMIS,blind,single_hedge,ArMIS-test-56,0,0,0.2222222222222222,0.2222222222222222,not uncertain
ArMIS,blind,single_hedge,ArMIS-test-57,0,0,0.0,0.0,not uncertain
ArMIS,blind,single_hedge,ArMIS-test-58,0,0,0.0,0.0,not uncertain
ArMIS,blind,single_hedge,ArMIS-test-59,0,0,0.0,0.0,not uncertain
ArMIS,blind,single_hedge,ArMIS-test-60,0,0,0.0,0.0,not uncertain
ArMIS,blind,single_hedge,ArMIS-test-61,1,1,0.0,0.0,not uncertain
ArMIS,blind,single_hedge,ArMIS-test-62,0,0,0.0,0.0,not uncertain
ArMIS,blind,single_hedge,ArMIS-test-63,0,0,0.0,0.0,not uncertain
ArMIS,blind,single_hedge,ArMIS-test-64,1,1,0.2222222222222222,0.2222222222222222,not uncertain
ArMIS,blind,single_hedge,ArMIS-test-65,0,0,0.2222222222222222,0.2222222222222222,not uncertain
ArMIS,blind,single_hedge,ArMIS-test-66,1,1,0.0,0.0,not uncertain
ArMIS,blind,single_hedge,ArMIS-test-67,0,0,0.0,0.0,not uncertain
ArMIS,blind,single_hedge,ArMIS-test-68,1,1,0.0,0.0,not uncertain
ArMIS,blind,single_hedge,ArMIS-test-69,1,1,0.0,0.0,not uncertain
ArMIS,blind,single_hedge,ArMIS-test-70,0,0,0.0,0.0,not uncertain
ArMIS,blind,single_hedge,ArMIS-test-71,0,0,0.2222222222222222,0.2222222222222222,not uncertain
ArMIS,blind,single_hedge,ArMIS-test-72,1,1,0.0,0.0,not uncertain
ArMIS,blind,single_hedge,ArMIS-test-73,1,1,0.0,0.0,not uncertain
ArMIS,blind,single_hedge,ArMIS-test-74,0,0,0.0,0.0,not uncertain
ArMIS,blind,single_hedge,ArMIS-test-75,1,1,0.0,0.0,not uncertain
ArMIS,blind,single_hedge,ArMIS-test-76,1,1,0.2222222222222222,0.2222222222222222,not uncertain
ArMIS,blind,single_hedge,ArMIS-test-77,0,0,0.0,0.0,not uncertain
ArMIS,blind,single_hedge,ArMIS-test-78,1,1,0.2222222222222222,0.2222222222222222,not uncertain
ArMIS,blind,single_hedge,ArMIS-test-79,1,1,0.2222222222222222,0.2222222222222222,somewhat uncertain
ArMIS,blind,single_hedge,ArMIS-test-80,0,0,0.2222222222222222,0.2222222222222222,not uncertain
ArMIS,blind,single_hedge,ArMIS-test-81,0,0,0.0,0.0,somewhat uncertain
ArMIS,blind,single_hedge,ArMIS-test-82,0,0,0.2222222222222222,0.2222222222222222,not uncertain
ArMIS,blind,single_hedge,ArMIS-test-83,0,0,0.0,0.0,not uncertain
ArMIS,blind,single_hedge,ArMIS-test-84,0,0,0.0,0.0,not uncertain
ArMIS,blind,single_hedge,ArMIS-test-85,1,1,0.0,0.0,not uncertain
ArMIS,blind,single_hedge,ArMIS-test-86,1,1,0.2222222222222222,0.2222222222222222,not uncertain
ArMIS,blind,single_hedge,ArMIS-test-87,0,0,0.0,0.0,not uncertain
ArMIS,blind,single_hedge,ArMIS-test-88,1,1,0.0,0.0,not uncertain
ArMIS,blind,single_hedge,ArMIS-test-89,1,1,0.2222222222222222,0.2222222222222222,not uncertain
ArMIS,blind,single_hedge,ArMIS-test-90,0,0,0.0,0.0,not uncertain
ArMIS,blind,single_hedge,ArMIS-test-91,0,0,0.2222222222222222,0.2222222222222222,not uncertain
ArMIS,blind,single_hedge,ArMIS-test-92,1,1,0.2222222222222222,0.2222222222222222,not uncertain
ArMIS,blind,single_hedge,ArMIS-test-93,0,0,0.2222222222222222,0.2222222222222222,not uncertain
ArMIS,blind,single_hedge,ArMIS-test-94,0,0,0.0,0.0,not uncertain
ArMIS,blind,single_hedge,ArMIS-test-95,0,0,0.0,0.0,not uncertain
ArMIS,blind,single_hedge,ArMIS-test-96,1,1,0.2222222222222222,0.2222222222222222,somewhat uncertain
ArMIS,blind,single_hedge,ArMIS-test-97,0,0,0.2222222222222222,0.2222222222222222,not uncertain
ArMIS,blind,single_hedge,ArMIS-test-98,1,1,0.0,0.0,not uncertain
ArMIS,blind,single_hedge,ArMIS-test-99,1,1,0.2222222222222222,0.2222222222222222,not uncertain
ArMIS,blind,single_hedge,ArMIS-test-100,0,0,0.0,0.0,not uncertain
ArMIS,blind,single_hedge,ArMIS-test-101,1,1,0.2222222222222222,0.2222222222222222,not uncertain
ArMIS,blind,single_hedge,ArMIS-test-102,0,0,0.0,0.0,somewhat uncertain
ArMIS,blind,single_hedge,ArMIS-test-103,1,1,0.2222222222222222,0.2222222222222222,not uncertain
ArMIS,blind,single_hedge,ArMIS-test-104,0,0,0.0,0.0,not uncertain
ArMIS,blind,single_hedge,ArMIS-test-105,1,1,0.0,0.0,not uncertain
ArMIS,blind,single_hedge,ArMIS-test-106,0,0,0.0,0.0,not uncertain
ArMIS,blind,single_hedge,ArMIS-test-107,1,1,0.0,0.0,not uncertain
ArMIS,blind,single_hedge,ArMIS-test-108,1,1,0.0,0.0,not uncertain
ArMIS,blind,single_hedge,ArMIS-test-109,0,0,0.0,0.0,not uncertain
ArMIS,blind,single_hedge,ArMIS-test-110,0,0,0.0,0.0,not uncertain
ArMIS,blind,single_hedge,ArMIS-test-111,0,0,0.2222222222222222,0.2222222222222222,not uncertain
ArMIS,blind,single_hedge,ArMIS-test-112,1,1,0.0,0.0,not uncertain
ArMIS,blind,single_hedge,ArMIS-test-113,0,0,0.0,0.0,not uncertain
ArMIS,blind,single_hedge,ArMIS-test-114,0,0,0.0,0.0,not uncertain
ArMIS,blind,single_hedge,ArMIS-test-115,1,1,0.2222222222222222,0.2222222222222222,not uncertain
ArMIS,blind,single_hedge,ArMIS-test-116,0,0,0.0,0.0,somewhat uncertain
ArMIS,blind,single_hedge,ArMIS-test-117,0,0,0.2222222222222222,0.2222222222222222,not uncertain
ArMIS,blind,single_hedge,ArMIS-test-118,0,0,0.0,0.0,somewhat uncertain
ArMIS,blind,single_hedge,ArMIS-test-119,1,1,0.2222222222222222,0.2222222222222222,not uncertain
ArMIS,blind,single_hedge,ArMIS-test-120,1,1,0.0,0.0,not uncertain
ArMIS,blind,single_hedge,ArMIS-test-121,1,1,0.2222222222222222,0.2222222222222222,not uncertain
ArMIS,blind,single_hedge,ArMIS-test-122,0,0,0.2222222222222222,0.2222222222222222,not uncertain
ArMIS,blind,single_hedge,ArMIS-test-123,0,0,0.0,0.0,not uncertain
ArMIS,blind,single_hedge,ArMIS-test-124,1,1,0.2222222222222222,0.2222222222222222,not uncertain
ArMIS,blind,single_hedge,ArMIS-test-125,1,1,0.0,0.0,not uncertain
ArMIS,blind,single_hedge,ArMIS-test-126,0,0,0.0,0.0,not uncertain
ArMIS,blind,single_hedge,ArMIS-test-127,1,1,0.0,0.0,not uncertain
ArMIS,blind,single_hedge,ArMIS-test-128,1,1,0.0,0.0,not uncertain
ArMIS,blind,single_hedge,ArMIS-test-129,1,1,0.0,0.0,not uncertain
ArMIS,blind,single_hedge,ArMIS-test-130,1,1,0.2222222222222222,0.2222222222222222,not uncertain
ArMIS,blind,single_hedge,ArMIS-test-131,0,0,0.0,0.0,not uncertain
ArMIS,blind,single_hedge,ArMIS-test-132,1,1,0.2222222222222222,0.2222222222222222,not uncertain
ArMIS,blind,single_hedge,ArMIS-test-133,1,1,0.0,0.0,somewhat uncertain
ArMIS,blind,single_hedge,ArMIS-test-134,0,0,0.0,0.0,somewhat uncertain
ArMIS,blind,single_hedge,ArMIS-test-135,1,1,0.0,0.0,not uncertain
ArMIS,blind,single_hedge,ArMIS-test-136,0,0,0.0,0.0,somewhat uncertain
ArMIS,blind,single_hedge,ArMIS-test-137,0,0,0.0,0.0,not uncertain
ArMIS,blind,single_hedge,ArMIS-test-138,0,0,0.0,0.0,not uncertain
ArMIS,blind,single_hedge,ArMIS-test-139,0,0,0.0,0.0,not uncertain
ArMIS,blind,single_hedge,ArMIS-test-140,0,0,0.0,0.0,not uncertain
ArMIS,blind,single_hedge,ArMIS-test-141,0,0,0.0,0.0,not uncertain
ArMIS,blind,single_hedge,ArMIS-test-142,0,0,0.2222222222222222,0.2222222222222222,not uncertain
ArMIS,blind,single_hedge,ArMIS-test-143,0,0,0.0,0.0,not uncertain
ArMIS,blind,single_hedge,ArMIS-test-144,0,0,0.2222222222222222,0.2222222222222222,somewhat uncertain
ArMIS,blind,single_hedge,ArMIS-test-145,0,0,0.0,0.0,not uncertain
ArMIS,blind,topk_wrong,ArMIS-test-1,1,1,0.0,0.0,not uncertain
ArMIS,blind,topk_wrong,ArMIS-test-2,0,0,0.2222222222222222,0.2222222222222222,somewhat uncertain
ArMIS,blind,topk_wrong,ArMIS-test-3,0,0,0.2222222222222222,0.2222222222222222,highly uncertain
ArMIS,blind,topk_wrong,ArMIS-test-4,0,0,0.0,0.0,highly uncertain
ArMIS,blind,topk_wrong,ArMIS-test-5,0,0,0.0,0.0,somewhat uncertain
ArMIS,blind,topk_wrong,ArMIS-test-6,1,1,0.0,0.0,somewhat uncertain
ArMIS,blind,topk_wrong,ArMIS-test-7,1,1,0.2222222222222222,0.2222222222222222,somewhat uncertain
ArMIS,blind,topk_wrong,ArMIS-test-8,0,0,0.0,0.0,not uncertain
ArMIS,blind,topk_wrong,ArMIS-test-9,0,0,0.0,0.0,somewhat uncertain
ArMIS,blind,topk_wrong,ArMIS-test-10,1,1,0.0,0.0,somewhat uncertain
ArMIS,blind,topk_wrong,ArMIS-test-11,0,0,0.2222222222222222,0.2222222222222222,not uncertain
ArMIS,blind,topk_wrong,ArMIS-test-12,0,0,0.0,0.0,somewhat uncertain
ArMIS,blind,topk_wrong,ArMIS-test-13,1,1,0.0,0.0,not uncertain
ArMIS,blind,topk_wrong,ArMIS-test-14,0,0,0.0,0.0,not uncertain
ArMIS,blind,topk_wrong,ArMIS-test-15,0,0,0.0,0.0,somewhat uncertain
ArMIS,blind,topk_wrong,ArMIS-test-16,1,1,0.2222222222222222,0.2222222222222222,somewhat uncertain
ArMIS,blind,topk_wrong,ArMIS-test-17,0,0,0.0,0.0,somewhat uncertain
ArMIS,blind,topk_wrong,ArMIS-test-18,1,1,0.0,0.0,not uncertain
ArMIS,blind,topk_wrong,ArMIS-test-19,1,1,0.2222222222222222,0.2222222222222222,not uncertain
ArMIS,blind,topk_wrong,ArMIS-test-20,1,1,0.2222222222222222,0.2222222222222222,not uncertain
ArMIS,blind,topk_wrong,ArMIS-test-21,0,0,0.0,0.0,somewhat uncertain
ArMIS,blind,topk_wrong,ArMIS-test-22,1,1,0.0,0.0,not uncertain
ArMIS,blind,topk_wrong,ArMIS-test-23,1,1,0.0,0.0,not uncertain
ArMIS,blind,topk_wrong,ArMIS-test-24,0,0,0.0,0.0,somewhat uncertain
ArMIS,blind,topk_wrong,ArMIS-test-25,0,0,0.0,0.0,not uncertain
ArMIS,blind,topk_wrong,ArMIS-test-26,0,0,0.2222222222222222,0.2222222222222222,somewhat uncertain
ArMIS,blind,topk_wrong,ArMIS-test-27,0,0,0.0,0.0,not uncertain
ArMIS,blind,topk_wrong,ArMIS-test-28,1,1,0.2222222222222222,0.2222222222222222,not uncertain
ArMIS,blind,topk_wrong,ArMIS-test-29,0,0,0.0,0.0,not uncertain
ArMIS,blind,topk_wrong,ArMIS-test-30,1,1,0.2222222222222222,0.2222222222222222,not uncertain
ArMIS,blind,topk_wrong,ArMIS-test-31,1,1,0.0,0.0,somewhat uncertain
ArMIS,blind,topk_wrong,ArMIS-test-32,1,1,0.2222222222222222,0.2222222222222222,not uncertain
ArMIS,blind,topk_wrong,ArMIS-test-33,0,0,0.2222222222222222,0.2222222222222222,somewhat uncertain
ArMIS,blind,topk_wrong,ArMIS-test-34,0,0,0.0,0.0,somewhat uncertain
ArMIS,blind,topk_wrong,ArMIS-test-35,1,1,0.0,0.0,not uncertain
ArMIS,blind,topk_wrong,ArMIS-test-36,0,0,0.2222222222222222,0.2222222222222222,somewhat uncertain
ArMIS,blind,topk_wrong,ArMIS-test-37,0,0,0.0,0.0,not uncertain
ArMIS,blind,topk_wrong,ArMIS-test-38,0,0,0.2222222222222222,0.2222222222222222,not uncertain
ArMIS,blind,topk_wrong,ArMIS-test-39,0,0,0.2222222222222222,0.2222222222222222,not uncertain
ArMIS,blind,topk_wrong,ArMIS-test-40,0,0,0.0,0.0,highly uncertain
ArMIS,blind,topk_wrong,ArMIS-test-41,0,0,0.2222222222222222,0.2222222222222222,not uncertain
ArMIS,blind,topk_wrong,ArMIS-test-42,1,1,0.2222222222222222,0.2222222222222222,not uncertain
ArMIS,blind,topk_wrong,ArMIS-test-43,0,0,0.2222222222222222,0.2222222222222222,highly uncertain
ArMIS,blind,topk_wrong,ArMIS-test-44,1,1,0.0,0.0,not uncertain
ArMIS,blind,topk_wrong,ArMIS-test-45,1,1,0.0,0.0,not uncertain
ArMIS,blind,topk_wrong,ArMIS-test-46,0,0,0.2222222222222222,0.2222222222222222,not uncertain
ArMIS,blind,topk_wrong,ArMIS-test-47,0,0,0.0,0.0,somewhat uncertain
ArMIS,blind,topk_wrong,ArMIS-test-48,0,0,0.2222222222222222,0.2222222222222222,somewhat uncertain
ArMIS,blind,topk_wrong,ArMIS-test-49,0,0,0.2222222222222222,0.2222222222222222,not uncertain
ArMIS,blind,topk_wrong,ArMIS-test-50,1,1,0.0,0.0,not uncertain
ArMIS,blind,topk_wrong,ArMIS-test-51,0,0,0.2222222222222222,0.2222222222222222,not uncertain
ArMIS,blind,topk_wrong,ArMIS-test-52,1,1,0.0,0.0,not uncertain
ArMIS,blind,topk_wrong,ArMIS-test-53,1,1,0.2222222222222222,0.2222222222222222,somewhat uncertain
ArMIS,blind,topk_wrong,ArMIS-test-54,1,1,0.0,0.0,not uncertain
ArMIS,blind,topk_wrong,ArMIS-test-55,1,1,0.0,0.0,not uncertain
ArMIS,blind,topk_wrong,ArMIS-test-56,0,0,0.2222222222222222,0.2222222222222222,not uncertain
ArMIS,blind,topk_wrong,ArMIS-test-57,0,0,0.0,0.0,not uncertain
ArMIS,blind,topk_wrong,ArMIS-test-58,0,0,0.0,0.0,somewhat uncertain
ArMIS,blind,topk_wrong,ArMIS-test-59,0,0,0.0,0.0,not uncertain
ArMIS,blind,topk_wrong,ArMIS-test-60,0,0,0.0,0.0,somewhat uncertain
ArMIS,blind,topk_wrong,ArMIS-test-61,1,1,0.0,0.0,not uncertain
ArMIS,blind,topk_wrong,ArMIS-test-62,0,0,0.0,0.0,not uncertain
ArMIS,blind,topk_wrong,ArMIS-test-63,0,0,0.0,0.0,not uncertain
ArMIS,blind,topk_wrong,ArMIS-test-64,1,1,0.2222222222222222,0.2222222222222222,somewhat uncertain
ArMIS,blind,topk_wrong,ArMIS-test-65,0,0,0.2222222222222222,0.2222222222222222,not uncertain
ArMIS,blind,topk_wrong,ArMIS-test-66,1,1,0.0,0.0,not uncertain
ArMIS,blind,topk_wrong,ArMIS-test-67,0,0,0.0,0.0,somewhat uncertain
ArMIS,blind,topk_wrong,ArMIS-test-68,1,1,0.0,0.0,not uncertain
ArMIS,blind,topk_wrong,ArMIS-test-69,1,1,0.0,0.0,not uncertain
ArMIS,blind,topk_wrong,ArMIS-test-70,0,0,0.0,0.0,not uncertain
ArMIS,blind,topk_wrong,ArMIS-test-71,0,0,0.2222222222222222,0.2222222222222222,not uncertain
ArMIS,blind,topk_wrong,ArMIS-test-72,1,1,0.0,0.0,not uncertain
ArMIS,blind,topk_wrong,ArMIS-test-73,1,1,0.0,0.0,not uncertain
ArMIS,blind,topk_wrong,ArMIS-test-74,0,0,0.0,0.0,somewhat uncertain
ArMIS,blind,topk_wrong,ArMIS-test-75,1,1,0.0,0.0,not uncertain
ArMIS,blind,topk_wrong,ArMIS-test-76,1,1,0.2222222222222222,0.2222222222222222,not uncertain
ArMIS,blind,topk_wrong,ArMIS-test-77,0,0,0.0,0.0,somewhat uncertain
ArMIS,blind,topk_wrong,ArMIS-test-78,1,1,0.2222222222222222,0.2222222222222222,somewhat uncertain
ArMIS,blind,topk_wrong,ArMIS-test-79,1,1,0.2222222222222222,0.2222222222222222,somewhat uncertain
ArMIS,blind,topk_wrong,ArMIS-test-80,0,0,0.2222222222222222,0.2222222222222222,somewhat uncertain
ArMIS,blind,topk_wrong,ArMIS-test-81,0,0,0.0,0.0,somewhat uncertain
ArMIS,blind,topk_wrong,ArMIS-test-82,0,0,0.2222222222222222,0.2222222222222222,not uncertain
ArMIS,blind,topk_wrong,ArMIS-test-83,0,0,0.0,0.0,not uncertain
ArMIS,blind,topk_wrong,ArMIS-test-84,0,0,0.0,0.0,somewhat uncertain
ArMIS,blind,topk_wrong,ArMIS-test-85,1,1,0.0,0.0,not uncertain
ArMIS,blind,topk_wrong,ArMIS-test-86,1,1,0.2222222222222222,0.2222222222222222,not uncertain
ArMIS,blind,topk_wrong,ArMIS-test-87,0,0,0.0,0.0,not uncertain
ArMIS,blind,topk_wrong,ArMIS-test-88,1,1,0.0,0.0,not uncertain
ArMIS,blind,topk_wrong,ArMIS-test-89,1,1,0.2222222222222222,0.2222222222222222,not uncertain
ArMIS,blind,topk_wrong,ArMIS-test-90,0,0,0.0,0.0,somewhat uncertain
ArMIS,blind,topk_wrong,ArMIS-test-91,0,0,0.2222222222222222,0.2222222222222222,not uncertain
ArMIS,blind,topk_wrong,ArMIS-test-92,1,1,0.2222222222222222,0.2222222222222222,not uncertain
ArMIS,blind,topk_wrong,ArMIS-test-93,0,0,0.2222222222222222,0.2222222222222222,somewhat uncertain
ArMIS,blind,topk_wrong,ArMIS-test-94,0,0,0.0,0.0,somewhat uncertain
ArMIS,blind,topk_wrong,ArMIS-test-95,0,0,0.0,0.0,somewhat uncertain
ArMIS,blind,topk_wrong,ArMIS-test-96,1,1,0.2222222222222222,0.2222222222222222,somewhat uncertain
ArMIS,blind,topk_wrong,ArMIS-test-97,0,0,0.2222222222222222,0.2222222222222222,somewhat uncertain
ArMIS,blind,topk_wrong,ArMIS-test-98,1,1,0.0,0.0,not uncertain
ArMIS,blind,topk_wrong,ArMIS-test-99,1,1,0.2222222222222222,0.2222222222222222,somewhat uncertain
ArMIS,blind,topk_wrong,ArMIS-test-100,0,0,0.0,0.0,not uncertain
ArMIS,blind,topk_wrong,ArMIS-test-101,1,1,0.2222222222222222,0.2222222222222222,not uncertain
ArMIS,blind,topk_wrong,ArMIS-test-102,0,0,0.0,0.0,not uncertain
ArMIS,blind,topk_wrong,ArMIS-test-103,1,1,0.2222222222222222,0.2222222222222222,not uncertain
ArMIS,blind,topk_wrong,ArMIS-test-104,0,0,0.0,0.0,somewhat uncertain
ArMIS,blind,topk_wrong,ArMIS-test-105,1,1,0.0,0.0,not uncertain
ArMIS,blind,topk_wrong,ArMIS-test-106,0,0,0.0,0.0,somewhat uncertain
ArMIS,blind,topk_wrong,ArMIS-test-107,1,1,0.0,0.0,not uncertain
ArMIS,blind,topk_wrong,ArMIS-test-108,1,1,0.0,0.0,somewhat uncertain
ArMIS,blind,topk_wrong,ArMIS-test-109,0,0,0.0,0.0,not uncertain
ArMIS,blind,topk_wrong,ArMIS-test-110,0,0,0.0,0.0,somewhat uncertain
ArMIS,blind,topk_wrong,ArMIS-test-111,0,0,0.2222222222222222,0.2222222222222222,highly uncertain
ArMIS,blind,topk_wrong,ArMIS-test-112,1,1,0.0,0.0,not uncertain
ArMIS,blind,topk_wrong,ArMIS-test-113,0,0,0.0,0.0,somewhat uncertain
ArMIS,blind,topk_wrong,ArMIS-test-114,0,0,0.0,0.0,not uncertain
ArMIS,blind,topk_wrong,ArMIS-test-115,1,1,0.2222222222222222,0.2222222222222222,not uncertain
ArMIS,blind,topk_wrong,ArMIS-test-116,0,0,0.0,0.0,not uncertain
ArMIS,blind,topk_wrong,ArMIS-test-117,0,0,0.2222222222222222,0.2222222222222222,not uncertain
ArMIS,blind,topk_wrong,ArMIS-test-118,0,0,0.0,0.0,somewhat uncertain
ArMIS,blind,topk_wrong,ArMIS-test-119,1,1,0.2222222222222222,0.2222222222222222,somewhat uncertain
ArMIS,blind,topk_wrong,ArMIS-test-120,1,1,0.0,0.0,not uncertain
ArMIS,blind,topk_wrong,ArMIS-test-121,1,1,0.2222222222222222,0.2222222222222222,somewhat uncertain
ArMIS,blind,topk_wrong,ArMIS-test-122,0,0,0.2222222222222222,0.2222222222222222,not uncertain
ArMIS,blind,topk_wrong,ArMIS-test-123,0,0,0.0,0.0,somewhat uncertain
ArMIS,blind,topk_wrong,ArMIS-test-124,1,1,0.2222222222222222,0.2222222222222222,somewhat uncertain
ArMIS,blind,topk_wrong,ArMIS-test-125,1,1,0.0,0.0,somewhat uncertain
ArMIS,blind,topk_wrong,ArMIS-test-126,0,0,0.0,0.0,not uncertain
ArMIS,blind,topk_wrong,ArMIS-test-127,1,1,0.0,0.0,somewhat uncertain
ArMIS,blind,topk_wrong,ArMIS-test-128,1,1,0.0,0.0,not uncertain
ArMIS,blind,topk_wrong,ArMIS-test-129,1,1,0.0,0.0,not uncertain
ArMIS,blind,topk_wrong,ArMIS-test-130,1,1,0.2222222222222222,0.2222222222222222,not uncertain
ArMIS,blind,topk_wrong,ArMIS-test-131,0,0,0.0,0.0,somewhat uncertain
ArMIS,blind,topk_wrong,ArMIS-test-132,1,1,0.2222222222222222,0.2222222222222222,not uncertain
ArMIS,blind,topk_wrong,ArMIS-test-133,1,1,0.0,0.0,somewhat uncertain
ArMIS,blind,topk_wrong,ArMIS-test-134,0,0,0.0,0.0,somewhat uncertain
ArMIS,blind,topk_wrong,ArMIS-test-135,1,1,0.0,0.0,not uncertain
ArMIS,blind,topk_wrong,ArMIS-test-136,0,0,0.0,0.0,somewhat uncertain
ArMIS,blind,topk_wrong,ArMIS-test-137,0,0,0.0,0.0,not uncertain
ArMIS,blind,topk_wrong,ArMIS-test-138,0,0,0.0,0.0,not uncertain
ArMIS,blind,topk_wrong,ArMIS-test-139,0,0,0.0,0.0,not uncertain
ArMIS,blind,topk_wrong,ArMIS-test-140,0,0,0.0,0.0,not uncertain
ArMIS,blind,topk_wrong,ArMIS-test-141,0,0,0.0,0.0,somewhat uncertain
ArMIS,blind,topk_wrong,ArMIS-test-142,0,0,0.2222222222222222,0.2222222222222222,not uncertain
ArMIS,blind,topk_wrong,ArMIS-test-143,0,0,0.0,0.0,somewhat uncertain
ArMIS,blind,topk_wrong,ArMIS-test-144,0,0,0.2222222222222222,0.2222222222222222,somewhat uncertain
ArMIS,blind,topk_wrong,ArMIS-test-145,0,0,0.0,0.0,somewhat uncertain
ArMIS,blind,pros_cons,ArMIS-test-1,1,1,0.0,0.0,not uncertain
ArMIS,blind,pros_cons,ArMIS-test-2,0,0,0.2222222222222222,0.2222222222222222,not uncertain
ArMIS,blind,pros_cons,ArMIS-test-3,0,0,0.2222222222222222,0.2222222222222222,not uncertain
ArMIS,blind,pros_cons,ArMIS-test-4,0,0,0.0,0.0,not uncertain
ArMIS,blind,pros_cons,ArMIS-test-5,0,0,0.0,0.0,somewhat uncertain
ArMIS,blind,pros_cons,ArMIS-test-6,1,1,0.0,0.0,not uncertain
ArMIS,blind,pros_cons,ArMIS-test-7,1,1,0.2222222222222222,0.2222222222222222,not uncertain
ArMIS,blind,pros_cons,ArMIS-test-8,0,0,0.0,0.0,not uncertain
ArMIS,blind,pros_cons,ArMIS-test-9,0,0,0.0,0.0,not uncertain
ArMIS,blind,pros_cons,ArMIS-test-10,1,1,0.0,0.0,not uncertain
ArMIS,blind,pros_cons,ArMIS-test-11,0,0,0.2222222222222222,0.2222222222222222,not uncertain
ArMIS,blind,pros_cons,ArMIS-test-12,0,0,0.0,0.0,not uncertain
ArMIS,blind,pros_cons,ArMIS-test-13,1,1,0.0,0.0,not uncertain
ArMIS,blind,pros_cons,ArMIS-test-14,0,0,0.0,0.0,not uncertain
ArMIS,blind,pros_cons,ArMIS-test-15,0,0,0.0,0.0,not uncertain
ArMIS,blind,pros_cons,ArMIS-test-16,1,1,0.2222222222222222,0.2222222222222222,not uncertain
ArMIS,blind,pros_cons,ArMIS-test-17,0,0,0.0,0.0,not uncertain
ArMIS,blind,pros_cons,ArMIS-test-18,1,1,0.0,0.0,not uncertain
ArMIS,blind,pros_cons,ArMIS-test-19,1,1,0.2222222222222222,0.2222222222222222,not uncertain
ArMIS,blind,pros_cons,ArMIS-test-20,1,1,0.2222222222222222,0.2222222222222222,not uncertain
ArMIS,blind,pros_cons,ArMIS-test-21,0,0,0.0,0.0,not uncertain
ArMIS,blind,pros_cons,ArMIS-test-22,1,1,0.0,0.0,not uncertain
ArMIS,blind,pros_cons,ArMIS-test-23,1,1,0.0,0.0,not uncertain
ArMIS,blind,pros_cons,ArMIS-test-24,0,0,0.0,0.0,not uncertain
ArMIS,blind,pros_cons,ArMIS-test-25,0,0,0.0,0.0,not uncertain
ArMIS,blind,pros_cons,ArMIS-test-26,0,0,0.2222222222222222,0.2222222222222222,not uncertain
ArMIS,blind,pros_cons,ArMIS-test-27,0,0,0.0,0.0,not uncertain
ArMIS,blind,pros_cons,ArMIS-test-28,1,1,0.2222222222222222,0.2222222222222222,not uncertain
ArMIS,blind,pros_cons,ArMIS-test-29,0,0,0.0,0.0,not uncertain
ArMIS,blind,pros_cons,ArMIS-test-30,1,1,0.2222222222222222,0.2222222222222222,highly uncertain
ArMIS,blind,pros_cons,ArMIS-test-31,1,1,0.0,0.0,not uncertain
ArMIS,blind,pros_cons,ArMIS-test-32,1,1,0.2222222222222222,0.2222222222222222,not uncertain
ArMIS,blind,pros_cons,ArMIS-test-33,0,0,0.2222222222222222,0.2222222222222222,not uncertain
ArMIS,blind,pros_cons,ArMIS-test-34,0,0,0.0,0.0,not uncertain
ArMIS,blind,pros_cons,ArMIS-test-35,1,1,0.0,0.0,not uncertain
ArMIS,blind,pros_cons,ArMIS-test-36,0,0,0.2222222222222222,0.2222222222222222,not uncertain
ArMIS,blind,pros_cons,ArMIS-test-37,0,0,0.0,0.0,not uncertain
ArMIS,blind,pros_cons,ArMIS-test-38,0,0,0.2222222222222222,0.2222222222222222,not uncertain
ArMIS,blind,pros_cons,ArMIS-test-39,0,0,0.2222222222222222,0.2222222222222222,not uncertain
ArMIS,blind,pros_cons,ArMIS-test-40,0,0,0.0,0.0,not uncertain
ArMIS,blind,pros_cons,ArMIS-test-41,0,0,0.2222222222222222,0.2222222222222222,not uncertain
ArMIS,blind,pros_cons,ArMIS-test-42,1,1,0.2222222222222222,0.2222222222222222,not uncertain
ArMIS,blind,pros_cons,ArMIS-test-43,0,0,0.2222222222222222,0.2222222222222222,not uncertain
ArMIS,blind,pros_cons,ArMIS-test-44,1,1,0.0,0.0,not uncertain
ArMIS,blind,pros_cons,ArMIS-test-45,1,1,0.0,0.0,not uncertain
ArMIS,blind,pros_cons,ArMIS-test-46,0,0,0.2222222222222222,0.2222222222222222,not uncertain
ArMIS,blind,pros_cons,ArMIS-test-47,0,0,0.0,0.0,not uncertain
ArMIS,blind,pros_cons,ArMIS-test-48,0,0,0.2222222222222222,0.2222222222222222,not uncertain
ArMIS,blind,pros_cons,ArMIS-test-49,0,0,0.2222222222222222,0.2222222222222222,not uncertain
ArMIS,blind,pros_cons,ArMIS-test-50,1,1,0.0,0.0,not uncertain
ArMIS,blind,pros_cons,ArMIS-test-51,0,0,0.2222222222222222,0.2222222222222222,not uncertain
ArMIS,blind,pros_cons,ArMIS-test-52,1,1,0.0,0.0,not uncertain
ArMIS,blind,pros_cons,ArMIS-test-53,1,1,0.2222222222222222,0.2222222222222222,not uncertain
ArMIS,blind,pros_cons,ArMIS-test-54,1,1,0.0,0.0,not uncertain
ArMIS,blind,pros_cons,ArMIS-test-55,1,1,0.0,0.0,not uncertain
ArMIS,blind,pros_cons,ArMIS-test-56,0,0,0.2222222222222222,0.2222222222222222,not uncertain
ArMIS,blind,pros_cons,ArMIS-test-57,0,0,0.0,0.0,not uncertain
ArMIS,blind,pros_cons,ArMIS-test-58,0,0,0.0,0.0,not uncertain
ArMIS,blind,pros_cons,ArMIS-test-59,0,0,0.0,0.0,not uncertain
ArMIS,blind,pros_cons,ArMIS-test-60,0,0,0.0,0.0,somewhat uncertain
ArMIS,blind,pros_cons,ArMIS-test-61,1,1,0.0,0.0,not uncertain
ArMIS,blind,pros_cons,ArMIS-test-62,0,0,0.0,0.0,not uncertain
ArMIS,blind,pros_cons,ArMIS-test-63,0,0,0.0,0.0,not uncertain
ArMIS,blind,pros_cons,ArMIS-test-64,1,1,0.2222222222222222,0.2222222222222222,not uncertain
ArMIS,blind,pros_cons,ArMIS-test-65,0,0,0.2222222222222222,0.2222222222222222,not uncertain
ArMIS,blind,pros_cons,ArMIS-test-66,1,1,0.0,0.0,not uncertain
ArMIS,blind,pros_cons,ArMIS-test-67,0,0,0.0,0.0,not uncertain
ArMIS,blind,pros_cons,ArMIS-test-68,1,1,0.0,0.0,not uncertain
ArMIS,blind,pros_cons,ArMIS-test-69,1,1,0.0,0.0,not uncertain
ArMIS,blind,pros_cons,ArMIS-test-70,0,0,0.0,0.0,not uncertain
ArMIS,blind,pros_cons,ArMIS-test-71,0,0,0.2222222222222222,0.2222222222222222,not uncertain
ArMIS,blind,pros_cons,ArMIS-test-72,1,1,0.0,0.0,not uncertain
ArMIS,blind,pros_cons,ArMIS-test-73,1,1,0.0,0.0,somewhat uncertain
ArMIS,blind,pros_cons,ArMIS-test-74,0,0,0.0,0.0,not uncertain
ArMIS,blind,pros_cons,ArMIS-test-75,1,1,0.0,0.0,not uncertain
ArMIS,blind,pros_cons,ArMIS-test-76,1,1,0.2222222222222222,0.2222222222222222,not uncertain
ArMIS,blind,pros_cons,ArMIS-test-77,0,0,0.0,0.0,not uncertain
ArMIS,blind,pros_cons,ArMIS-test-78,1,1,0.2222222222222222,0.2222222222222222,not uncertain
ArMIS,blind,pros_cons,ArMIS-test-79,1,1,0.2222222222222222,0.2222222222222222,not uncertain
ArMIS,blind,pros_cons,ArMIS-test-80,0,0,0.2222222222222222,0.2222222222222222,not uncertain
ArMIS,blind,pros_cons,ArMIS-test-81,0,0,0.0,0.0,not uncertain
ArMIS,blind,pros_cons,ArMIS-test-82,0,0,0.2222222222222222,0.2222222222222222,not uncertain
ArMIS,blind,pros_cons,ArMIS-test-83,0,0,0.0,0.0,not uncertain
ArMIS,blind,pros_cons,ArMIS-test-84,0,0,0.0,0.0,not uncertain
ArMIS,blind,pros_cons,ArMIS-test-85,1,1,0.0,0.0,not uncertain
ArMIS,blind,pros_cons,ArMIS-test-86,1,1,0.2222222222222222,0.2222222222222222,not uncertain
ArMIS,blind,pros_cons,ArMIS-test-87,0,0,0.0,0.0,not uncertain
ArMIS,blind,pros_cons,ArMIS-test-88,1,1,0.0,0.0,not uncertain
ArMIS,blind,pros_cons,ArMIS-test-89,1,1,0.2222222222222222,0.2222222222222222,not uncertain
ArMIS,blind,pros_cons,ArMIS-test-90,0,0,0.0,0.0,not uncertain
ArMIS,blind,pros_cons,ArMIS-test-91,0,0,0.2222222222222222,0.2222222222222222,not uncertain
ArMIS,blind,pros_cons,ArMIS-test-92,1,1,0.2222222222222222,0.2222222222222222,not uncertain
ArMIS,blind,pros_cons,ArMIS-test-93,0,0,0.2222222222222222,0.2222222222222222,not uncertain
ArMIS,blind,pros_cons,ArMIS-test-94,0,0,0.0,0.0,somewhat uncertain
ArMIS,blind,pros_cons,ArMIS-test-95,0,0,0.0,0.0,not uncertain
ArMIS,blind,pros_cons,ArMIS-test-96,1,1,0.2222222222222222,0.2222222222222222,not uncertain
ArMIS,blind,pros_cons,ArMIS-test-97,0,0,0.2222222222222222,0.2222222222222222,not uncertain
ArMIS,blind,pros_cons,ArMIS-test-98,1,1,0.0,0.0,not uncertain
ArMIS,blind,pros_cons,ArMIS-test-99,1,1,0.2222222222222222,0.2222222222222222,not uncertain
ArMIS,blind,pros_cons,ArMIS-test-100,0,0,0.0,0.0,not uncertain
ArMIS,blind,pros_cons,ArMIS-test-101,1,1,0.2222222222222222,0.2222222222222222,not uncertain
ArMIS,blind,pros_cons,ArMIS-test-102,0,0,0.0,0.0,not uncertain
ArMIS,blind,pros_cons,ArMIS-test-103,1,1,0.2222222222222222,0.2222222222222222,somewhat uncertain
ArMIS,blind,pros_cons,ArMIS-test-104,0,0,0.0,0.0,not uncertain
ArMIS,blind,pros_cons,ArMIS-test-105,1,1,0.0,0.0,not uncertain
ArMIS,blind,pros_cons,ArMIS-test-106,0,0,0.0,0.0,not uncertain
ArMIS,blind,pros_cons,ArMIS-test-107,1,1,0.0,0.0,not uncertain
ArMIS,blind,pros_cons,ArMIS-test-108,1,1,0.0,0.0,not uncertain
ArMIS,blind,pros_cons,ArMIS-test-109,0,0,0.0,0.0,not uncertain
ArMIS,blind,pros_cons,ArMIS-test-110,0,0,0.0,0.0,not uncertain
ArMIS,blind,pros_cons,ArMIS-test-111,0,0,0.2222222222222222,0.2222222222222222,not uncertain
ArMIS,blind,pros_cons,ArMIS-test-112,1,1,0.0,0.0,not uncertain
ArMIS,blind,pros_cons,ArMIS-test-113,0,0,0.0,0.0,somewhat uncertain
ArMIS,blind,pros_cons,ArMIS-test-114,0,0,0.0,0.0,highly uncertain
ArMIS,blind,pros_cons,ArMIS-test-115,1,1,0.2222222222222222,0.2222222222222222,not uncertain
ArMIS,blind,pros_cons,ArMIS-test-116,0,0,0.0,0.0,not uncertain
ArMIS,blind,pros_cons,ArMIS-test-117,0,0,0.2222222222222222,0.2222222222222222,highly uncertain
ArMIS,blind,pros_cons,ArMIS-test-118,0,0,0.0,0.0,not uncertain
ArMIS,blind,pros_cons,ArMIS-test-119,1,1,0.2222222222222222,0.2222222222222222,not uncertain
ArMIS,blind,pros_cons,ArMIS-test-120,1,1,0.0,0.0,not uncertain
ArMIS,blind,pros_cons,ArMIS-test-121,1,1,0.2222222222222222,0.2222222222222222,not uncertain
ArMIS,blind,pros_cons,ArMIS-test-122,0,0,0.2222222222222222,0.2222222222222222,not uncertain
ArMIS,blind,pros_cons,ArMIS-test-123,0,0,0.0,0.0,not uncertain
ArMIS,blind,pros_cons,ArMIS-test-124,1,1,0.2222222222222222,0.2222222222222222,not uncertain
ArMIS,blind,pros_cons,ArMIS-test-125,1,1,0.0,0.0,highly uncertain
ArMIS,blind,pros_cons,ArMIS-test-126,0,0,0.0,0.0,not uncertain
ArMIS,blind,pros_cons,ArMIS-test-127,1,1,0.0,0.0,not uncertain
ArMIS,blind,pros_cons,ArMIS-test-128,1,1,0.0,0.0,not uncertain
ArMIS,blind,pros_cons,ArMIS-test-129,1,1,0.0,0.0,not uncertain
ArMIS,blind,pros_cons,ArMIS-test-130,1,1,0.2222222222222222,0.2222222222222222,not uncertain
ArMIS,blind,pros_cons,ArMIS-test-131,0,0,0.0,0.0,not uncertain
ArMIS,blind,pros_cons,ArMIS-test-132,1,1,0.2222222222222222,0.2222222222222222,not uncertain
ArMIS,blind,pros_cons,ArMIS-test-133,1,1,0.0,0.0,not uncertain
ArMIS,blind,pros_cons,ArMIS-test-134,0,0,0.0,0.0,somewhat uncertain
ArMIS,blind,pros_cons,ArMIS-test-135,1,1,0.0,0.0,not uncertain
ArMIS,blind,pros_cons,ArMIS-test-136,0,0,0.0,0.0,not uncertain
ArMIS,blind,pros_cons,ArMIS-test-137,0,0,0.0,0.0,not uncertain
ArMIS,blind,pros_cons,ArMIS-test-138,0,0,0.0,0.0,not uncertain
ArMIS,blind,pros_cons,ArMIS-test-139,0,0,0.0,0.0,not uncertain
ArMIS,blind,pros_cons,ArMIS-test-140,0,0,0.0,0.0,not uncertain
ArMIS,blind,pros_cons,ArMIS-test-141,0,0,0.0,0.0,somewhat uncertain
ArMIS,blind,pros_cons,ArMIS-test-142,0,0,0.2222222222222222,0.2222222222222222,highly uncertain
ArMIS,blind,pros_cons,ArMIS-test-143,0,0,0.0,0.0,somewhat uncertain
ArMIS,blind,pros_cons,ArMIS-test-144,0,0,0.2222222222222222,0.2222222222222222,not uncertain
ArMIS,blind,pros_cons,ArMIS-test-145,0,0,0.0,0.0,not uncertain
ArMIS,blind,GEPA,ArMIS-test-1,1,1,0.0,0.0,not uncertain
ArMIS,blind,GEPA,ArMIS-test-2,0,0,0.2222222222222222,0.2222222222222222,not uncertain
ArMIS,blind,GEPA,ArMIS-test-3,0,0,0.2222222222222222,0.2222222222222222,somewhat uncertain
ArMIS,blind,GEPA,ArMIS-test-4,0,0,0.0,0.0,highly uncertain
ArMIS,blind,GEPA,ArMIS-test-5,0,0,0.0,0.0,somewhat uncertain
ArMIS,blind,GEPA,ArMIS-test-6,1,1,0.0,0.0,not uncertain
ArMIS,blind,GEPA,ArMIS-test-7,1,1,0.2222222222222222,0.2222222222222222,somewhat uncertain
ArMIS,blind,GEPA,ArMIS-test-8,0,0,0.0,0.0,not uncertain
ArMIS,blind,GEPA,ArMIS-test-9,0,0,0.0,0.0,not uncertain
ArMIS,blind,GEPA,ArMIS-test-10,1,1,0.0,0.0,not uncertain
ArMIS,blind,GEPA,ArMIS-test-11,0,0,0.2222222222222222,0.2222222222222222,not uncertain
ArMIS,blind,GEPA,ArMIS-test-12,0,0,0.0,0.0,somewhat uncertain
ArMIS,blind,GEPA,ArMIS-test-13,1,1,0.0,0.0,not uncertain
ArMIS,blind,GEPA,ArMIS-test-14,0,0,0.0,0.0,not uncertain
ArMIS,blind,GEPA,ArMIS-test-15,0,0,0.0,0.0,not uncertain
ArMIS,blind,GEPA,ArMIS-test-16,1,1,0.2222222222222222,0.2222222222222222,not uncertain
ArMIS,blind,GEPA,ArMIS-test-17,0,0,0.0,0.0,not uncertain
ArMIS,blind,GEPA,ArMIS-test-18,1,1,0.0,0.0,not uncertain
ArMIS,blind,GEPA,ArMIS-test-19,1,1,0.2222222222222222,0.2222222222222222,not uncertain
ArMIS,blind,GEPA,ArMIS-test-20,1,1,0.2222222222222222,0.2222222222222222,not uncertain
ArMIS,blind,GEPA,ArMIS-test-21,0,0,0.0,0.0,not uncertain
ArMIS,blind,GEPA,ArMIS-test-22,1,1,0.0,0.0,not uncertain
ArMIS,blind,GEPA,ArMIS-test-23,1,1,0.0,0.0,not uncertain
ArMIS,blind,GEPA,ArMIS-test-24,0,0,0.0,0.0,highly uncertain
ArMIS,blind,GEPA,ArMIS-test-25,0,0,0.0,0.0,not uncertain
ArMIS,blind,GEPA,ArMIS-test-26,0,0,0.2222222222222222,0.2222222222222222,not uncertain
ArMIS,blind,GEPA,ArMIS-test-27,0,0,0.0,0.0,not uncertain
ArMIS,blind,GEPA,ArMIS-test-28,1,1,0.2222222222222222,0.2222222222222222,not uncertain
ArMIS,blind,GEPA,ArMIS-test-29,0,0,0.0,0.0,somewhat uncertain
ArMIS,blind,GEPA,ArMIS-test-30,1,1,0.2222222222222222,0.2222222222222222,not uncertain
ArMIS,blind,GEPA,ArMIS-test-31,1,1,0.0,0.0,not uncertain
ArMIS,blind,GEPA,ArMIS-test-32,1,1,0.2222222222222222,0.2222222222222222,not uncertain
ArMIS,blind,GEPA,ArMIS-test-33,0,0,0.2222222222222222,0.2222222222222222,not uncertain
ArMIS,blind,GEPA,ArMIS-test-34,0,0,0.0,0.0,somewhat uncertain
ArMIS,blind,GEPA,ArMIS-test-35,1,1,0.0,0.0,not uncertain
ArMIS,blind,GEPA,ArMIS-test-36,0,0,0.2222222222222222,0.2222222222222222,
ArMIS,blind,GEPA,ArMIS-test-37,0,0,0.0,0.0,not uncertain
ArMIS,blind,GEPA,ArMIS-test-38,0,0,0.2222222222222222,0.2222222222222222,somewhat uncertain
ArMIS,blind,GEPA,ArMIS-test-39,0,0,0.2222222222222222,0.2222222222222222,not uncertain
ArMIS,blind,GEPA,ArMIS-test-40,0,0,0.0,0.0,not uncertain
ArMIS,blind,GEPA,ArMIS-test-41,0,0,0.2222222222222222,0.2222222222222222,not uncertain
ArMIS,blind,GEPA,ArMIS-test-42,1,1,0.2222222222222222,0.2222222222222222,not uncertain
ArMIS,blind,GEPA,ArMIS-test-43,0,0,0.2222222222222222,0.2222222222222222,somewhat uncertain
ArMIS,blind,GEPA,ArMIS-test-44,1,1,0.0,0.0,not uncertain
ArMIS,blind,GEPA,ArMIS-test-45,1,1,0.0,0.0,not uncertain
ArMIS,blind,GEPA,ArMIS-test-46,0,0,0.2222222222222222,0.2222222222222222,not uncertain
ArMIS,blind,GEPA,ArMIS-test-47,0,0,0.0,0.0,highly uncertain
ArMIS,blind,GEPA,ArMIS-test-48,0,0,0.2222222222222222,0.2222222222222222,not uncertain
ArMIS,blind,GEPA,ArMIS-test-49,0,0,0.2222222222222222,0.2222222222222222,not uncertain
ArMIS,blind,GEPA,ArMIS-test-50,1,1,0.0,0.0,not uncertain
ArMIS,blind,GEPA,ArMIS-test-51,0,0,0.2222222222222222,0.2222222222222222,not uncertain
ArMIS,blind,GEPA,ArMIS-test-52,1,1,0.0,0.0,not uncertain
ArMIS,blind,GEPA,ArMIS-test-53,1,1,0.2222222222222222,0.2222222222222222,not uncertain
ArMIS,blind,GEPA,ArMIS-test-54,1,1,0.0,0.0,not uncertain
ArMIS,blind,GEPA,ArMIS-test-55,1,1,0.0,0.0,not uncertain
ArMIS,blind,GEPA,ArMIS-test-56,0,0,0.2222222222222222,0.2222222222222222,not uncertain
ArMIS,blind,GEPA,ArMIS-test-57,0,0,0.0,0.0,not uncertain
ArMIS,blind,GEPA,ArMIS-test-58,0,0,0.0,0.0,not uncertain
ArMIS,blind,GEPA,ArMIS-test-59,0,0,0.0,0.0,not uncertain
ArMIS,blind,GEPA,ArMIS-test-60,0,0,0.0,0.0,not uncertain
ArMIS,blind,GEPA,ArMIS-test-61,1,1,0.0,0.0,not uncertain
ArMIS,blind,GEPA,ArMIS-test-62,0,0,0.0,0.0,not uncertain
ArMIS,blind,GEPA,ArMIS-test-63,0,0,0.0,0.0,not uncertain
ArMIS,blind,GEPA,ArMIS-test-64,1,1,0.2222222222222222,0.2222222222222222,not uncertain
ArMIS,blind,GEPA,ArMIS-test-65,0,0,0.2222222222222222,0.2222222222222222,not uncertain
ArMIS,blind,GEPA,ArMIS-test-66,1,1,0.0,0.0,not uncertain
ArMIS,blind,GEPA,ArMIS-test-67,0,0,0.0,0.0,not uncertain
ArMIS,blind,GEPA,ArMIS-test-68,1,1,0.0,0.0,not uncertain
ArMIS,blind,GEPA,ArMIS-test-69,1,1,0.0,0.0,not uncertain
ArMIS,blind,GEPA,ArMIS-test-70,0,0,0.0,0.0,not uncertain
ArMIS,blind,GEPA,ArMIS-test-71,0,0,0.2222222222222222,0.2222222222222222,not uncertain
ArMIS,blind,GEPA,ArMIS-test-72,1,1,0.0,0.0,not uncertain
ArMIS,blind,GEPA,ArMIS-test-73,1,1,0.0,0.0,not uncertain
ArMIS,blind,GEPA,ArMIS-test-74,0,0,0.0,0.0,not uncertain
ArMIS,blind,GEPA,ArMIS-test-75,1,1,0.0,0.0,not uncertain
ArMIS,blind,GEPA,ArMIS-test-76,1,1,0.2222222222222222,0.2222222222222222,not uncertain
ArMIS,blind,GEPA,ArMIS-test-77,0,0,0.0,0.0,somewhat uncertain
ArMIS,blind,GEPA,ArMIS-test-78,1,1,0.2222222222222222,0.2222222222222222,not uncertain
ArMIS,blind,GEPA,ArMIS-test-79,1,1,0.2222222222222222,0.2222222222222222,not uncertain
ArMIS,blind,GEPA,ArMIS-test-80,0,0,0.2222222222222222,0.2222222222222222,somewhat uncertain
ArMIS,blind,GEPA,ArMIS-test-81,0,0,0.0,0.0,somewhat uncertain
ArMIS,blind,GEPA,ArMIS-test-82,0,0,0.2222222222222222,0.2222222222222222,not uncertain
ArMIS,blind,GEPA,ArMIS-test-83,0,0,0.0,0.0,not uncertain
ArMIS,blind,GEPA,ArMIS-test-84,0,0,0.0,0.0,not uncertain
ArMIS,blind,GEPA,ArMIS-test-85,1,1,0.0,0.0,not uncertain
ArMIS,blind,GEPA,ArMIS-test-86,1,1,0.2222222222222222,0.2222222222222222,not uncertain
ArMIS,blind,GEPA,ArMIS-test-87,0,0,0.0,0.0,somewhat uncertain
ArMIS,blind,GEPA,ArMIS-test-88,1,1,0.0,0.0,not uncertain
ArMIS,blind,GEPA,ArMIS-test-89,1,1,0.2222222222222222,0.2222222222222222,not uncertain
ArMIS,blind,GEPA,ArMIS-test-90,0,0,0.0,0.0,not uncertain
ArMIS,blind,GEPA,ArMIS-test-91,0,0,0.2222222222222222,0.2222222222222222,somewhat uncertain
ArMIS,blind,GEPA,ArMIS-test-92,1,1,0.2222222222222222,0.2222222222222222,not uncertain
ArMIS,blind,GEPA,ArMIS-test-93,0,0,0.2222222222222222,0.2222222222222222,not uncertain
ArMIS,blind,GEPA,ArMIS-test-94,0,0,0.0,0.0,not uncertain
ArMIS,blind,GEPA,ArMIS-test-95,0,0,0.0,0.0,not uncertain
ArMIS,blind,GEPA,ArMIS-test-96,1,1,0.2222222222222222,0.2222222222222222,not uncertain
ArMIS,blind,GEPA,ArMIS-test-97,0,0,0.2222222222222222,0.2222222222222222,somewhat uncertain
ArMIS,blind,GEPA,ArMIS-test-98,1,1,0.0,0.0,somewhat uncertain
ArMIS,blind,GEPA,ArMIS-test-99,1,1,0.2222222222222222,0.2222222222222222,somewhat uncertain
ArMIS,blind,GEPA,ArMIS-test-100,0,0,0.0,0.0,not uncertain
ArMIS,blind,GEPA,ArMIS-test-101,1,1,0.2222222222222222,0.2222222222222222,not uncertain
ArMIS,blind,GEPA,ArMIS-test-102,0,0,0.0,0.0,somewhat uncertain
ArMIS,blind,GEPA,ArMIS-test-103,1,1,0.2222222222222222,0.2222222222222222,somewhat uncertain
ArMIS,blind,GEPA,ArMIS-test-104,0,0,0.0,0.0,somewhat uncertain
ArMIS,blind,GEPA,ArMIS-test-105,1,1,0.0,0.0,not uncertain
ArMIS,blind,GEPA,ArMIS-test-106,0,0,0.0,0.0,
ArMIS,blind,GEPA,ArMIS-test-107,1,1,0.0,0.0,not uncertain
ArMIS,blind,GEPA,ArMIS-test-108,1,1,0.0,0.0,not uncertain
ArMIS,blind,GEPA,ArMIS-test-109,0,0,0.0,0.0,not uncertain
ArMIS,blind,GEPA,ArMIS-test-110,0,0,0.0,0.0,not uncertain
ArMIS,blind,GEPA,ArMIS-test-111,0,0,0.2222222222222222,0.2222222222222222,not uncertain
ArMIS,blind,GEPA,ArMIS-test-112,1,1,0.0,0.0,not uncertain
ArMIS,blind,GEPA,ArMIS-test-113,0,0,0.0,0.0,not uncertain
ArMIS,blind,GEPA,ArMIS-test-114,0,0,0.0,0.0,not uncertain
ArMIS,blind,GEPA,ArMIS-test-115,1,1,0.2222222222222222,0.2222222222222222,not uncertain
ArMIS,blind,GEPA,ArMIS-test-116,0,0,0.0,0.0,not uncertain
ArMIS,blind,GEPA,ArMIS-test-117,0,0,0.2222222222222222,0.2222222222222222,
ArMIS,blind,GEPA,ArMIS-test-118,0,0,0.0,0.0,not uncertain
ArMIS,blind,GEPA,ArMIS-test-119,1,1,0.2222222222222222,0.2222222222222222,not uncertain
ArMIS,blind,GEPA,ArMIS-test-120,1,1,0.0,0.0,not uncertain
ArMIS,blind,GEPA,ArMIS-test-121,1,1,0.2222222222222222,0.2222222222222222,not uncertain
ArMIS,blind,GEPA,ArMIS-test-122,0,0,0.2222222222222222,0.2222222222222222,not uncertain
ArMIS,blind,GEPA,ArMIS-test-123,0,0,0.0,0.0,not uncertain
ArMIS,blind,GEPA,ArMIS-test-124,1,1,0.2222222222222222,0.2222222222222222,somewhat uncertain
ArMIS,blind,GEPA,ArMIS-test-125,1,1,0.0,0.0,not uncertain
ArMIS,blind,GEPA,ArMIS-test-126,0,0,0.0,0.0,not uncertain
ArMIS,blind,GEPA,ArMIS-test-127,1,1,0.0,0.0,not uncertain
ArMIS,blind,GEPA,ArMIS-test-128,1,1,0.0,0.0,not uncertain
ArMIS,blind,GEPA,ArMIS-test-129,1,1,0.0,0.0,not uncertain
ArMIS,blind,GEPA,ArMIS-test-130,1,1,0.2222222222222222,0.2222222222222222,not uncertain
ArMIS,blind,GEPA,ArMIS-test-131,0,0,0.0,0.0,not uncertain
ArMIS,blind,GEPA,ArMIS-test-132,1,1,0.2222222222222222,0.2222222222222222,not uncertain
ArMIS,blind,GEPA,ArMIS-test-133,1,1,0.0,0.0,somewhat uncertain
ArMIS,blind,GEPA,ArMIS-test-134,0,0,0.0,0.0,not uncertain
ArMIS,blind,GEPA,ArMIS-test-135,1,1,0.0,0.0,somewhat uncertain
ArMIS,blind,GEPA,ArMIS-test-136,0,0,0.0,0.0,not uncertain
ArMIS,blind,GEPA,ArMIS-test-137,0,0,0.0,0.0,somewhat uncertain
ArMIS,blind,GEPA,ArMIS-test-138,0,0,0.0,0.0,not uncertain
ArMIS,blind,GEPA,ArMIS-test-139,0,0,0.0,0.0,not uncertain
ArMIS,blind,GEPA,ArMIS-test-140,0,0,0.0,0.0,not uncertain
ArMIS,blind,GEPA,ArMIS-test-141,0,0,0.0,0.0,not uncertain
ArMIS,blind,GEPA,ArMIS-test-142,0,0,0.2222222222222222,0.2222222222222222,not uncertain
ArMIS,blind,GEPA,ArMIS-test-143,0,0,0.0,0.0,not uncertain
ArMIS,blind,GEPA,ArMIS-test-144,0,0,0.2222222222222222,0.2222222222222222,not uncertain
ArMIS,blind,GEPA,ArMIS-test-145,0,0,0.0,0.0,not uncertain
