benchmark,condition,method,rho_u,ci_lo,ci_hi,ceil_u,pct_ceil,rho_g,ceil_g,coverage,levels_used,modal_share,n_test,K_u
HSBrexit,blind,single_hedge,0.015865477559146798,-0.13427866549191095,0.17241336699762402,0.9959236443249271,0.015930415599180788,0.13997928326899173,0.9977777002061412,1.0,3,0.8214285714285714,168,4
HSBrexit,blind,topk_wrong,0.22453137008045018,0.053164120245062,0.3795026893997925,0.9959236443249271,0.22545038604103593,0.1821067059569267,0.9977777002061412,1.0,3,0.8214285714285714,168,4
HSBrexit,blind,pros_cons,0.08794718503973238,-0.07063646050166059,0.2209587373688249,0.9959236443249271,0.08830715641794623,0.040778156220991096,0.9977777002061412,0.9940476190476191,2,0.9820359281437125,168,4
HSBrexit,blind,GEPA,0.4666343075654154,0.366811171681605,0.560705120905722,0.9959236443249271,0.46854426062122156,0.36250212888099237,0.9977777002061412,1.0,2,0.5952380952380952,168,4
HSBrexit,labelled,single_hedge,0.11609318609491306,-0.05168056246088512,0.27538347444569233,0.9959236443249271,0.11656836019151369,0.299925585623775,0.9977777002061412,1.0,3,0.6904761904761905,168,4
HSBrexit,labelled,reclassify,0.08395981987854952,0.0624098885978105,0.17723192635072865,0.9959236443249271,0.08430347081021508,0.1819588817569843,0.9977777002061412,1.0,2,0.9940476190476191,168,4
HSBrexit,labelled,topk_wrong,-0.06215683506520417,-0.22746844053149737,0.08483201842579106,0.9959236443249271,-0.06241124549998641,0.021033514878519077,0.9977777002061412,1.0,2,0.7797619047619048,168,4
HSBrexit,labelled,pros_cons,0.0,,,0.9959236443249271,0.0,0.0,0.9977777002061412,1.0,1,1.0,168,4
HSBrexit,labelled,GEPA,0.11609318609491306,-0.05168056246088512,0.27538347444569233,0.9959236443249271,0.11656836019151369,0.299925585623775,0.9977777002061412,1.0,3,0.6904761904761905,168,4
