item_id,u_m,hedge_0,hedge_1,hedge_2
ConvAbuse-test-1,0.0,0.0,0.0,0
ConvAbuse-test-2,0.1599999999999999,0.0,0.0,2
ConvAbuse-test-3,0.0,0.0,0.0,0
ConvAbuse-test-4,0.0,1.0,1.0,1
ConvAbuse-test-5,0.0,0.0,0.0,0
ConvAbuse-test-6,0.0,0.0,0.0,0
ConvAbuse-test-7,0.0,0.0,0.0,0
ConvAbuse-test-8,0.0,0.0,0.0,0
ConvAbuse-test-9,0.0,0.0,0.0,0
ConvAbuse-test-10,0.1599999999999999,0.0,0.0,0
ConvAbuse-test-11,0.0,0.0,0.0,0
ConvAbuse-test-12,0.0,2.0,2.0,2
ConvAbuse-test-13,0.0,0.0,0.0,0
ConvAbuse-test-14,0.0,0.0,0.0,0
ConvAbuse-test-15,0.2222222222222222,2.0,1.0,1
ConvAbuse-test-16,0.0,2.0,1.0,1
ConvAbuse-test-17,0.0,0.0,0.0,0
ConvAbuse-test-18,0.1599999999999999,0.0,0.0,0
ConvAbuse-test-19,0.0,0.0,0.0,0
ConvAbuse-test-20,0.0,0.0,0.0,0
ConvAbuse-test-21,0.0,2.0,2.0,2
ConvAbuse-test-22,0.0,0.0,1.0,0
ConvAbuse-test-23,0.0,0.0,0.0,0
ConvAbuse-test-24,0.0,0.0,0.0,0
ConvAbuse-test-25,0.0,0.0,0.0,0
ConvAbuse-test-26,0.0,0.0,0.0,0
ConvAbuse-test-27,0.0,0.0,0.0,0
ConvAbuse-test-28,0.0,0.0,0.0,0
ConvAbuse-test-29,0.0,0.0,0.0,0
ConvAbuse-test-30,0.0,2.0,0.0,2
ConvAbuse-test-31,0.0,0.0,0.0,0
ConvAbuse-test-32,0.0,0.0,0.0,0
ConvAbuse-test-33,0.0,0.0,0.0,0
ConvAbuse-test-34,0.0,0.0,0.0,0
ConvAbuse-test-35,0.1875,0.0,0.0,0
ConvAbuse-test-36,0.0,1.0,1.0,1
ConvAbuse-test-37,0.0,0.0,0.0,2
ConvAbuse-test-38,0.2222222222222222,0.0,0.0,2
ConvAbuse-test-39,0.2222222222222222,2.0,1.0,0
ConvAbuse-test-40,0.0,0.0,2.0,0
ConvAbuse-test-41,0.0,0.0,0.0,0
ConvAbuse-test-42,0.0,0.0,0.0,0
ConvAbuse-test-43,0.0,0.0,0.0,0
ConvAbuse-test-44,0.0,0.0,0.0,0
ConvAbuse-test-45,0.0,0.0,0.0,0
ConvAbuse-test-46,0.0,1.0,0.0,0
ConvAbuse-test-47,0.0,0.0,0.0,0
ConvAbuse-test-48,0.2222222222222222,0.0,0.0,0
ConvAbuse-test-49,0.0,2.0,2.0,0
ConvAbuse-test-50,0.0,0.0,0.0,0
ConvAbuse-test-51,0.0,,1.0,0
ConvAbuse-test-52,0.0,1.0,1.0,1
ConvAbuse-test-53,0.0,0.0,0.0,0
ConvAbuse-test-54,0.25,1.0,1.0,1
ConvAbuse-test-55,0.0,0.0,0.0,0
ConvAbuse-test-56,0.0,0.0,0.0,0
ConvAbuse-test-57,0.0,0.0,0.0,0
ConvAbuse-test-58,0.0,0.0,0.0,0
ConvAbuse-test-59,0.25,0.0,0.0,0
ConvAbuse-test-60,0.0,0.0,0.0,0
ConvAbuse-test-61,0.0,1.0,1.0,1
ConvAbuse-test-62,0.2222222222222222,0.0,2.0,0
ConvAbuse-test-63,0.0,1.0,1.0,1
ConvAbuse-test-64,0.0,0.0,0.0,0
ConvAbuse-test-65,0.0,0.0,0.0,0
ConvAbuse-test-66,0.0,0.0,0.0,0
ConvAbuse-test-67,0.0,0.0,0.0,0
ConvAbuse-test-68,0.0,0.0,0.0,1
ConvAbuse-test-69,0.0,0.0,2.0,1
ConvAbuse-test-70,0.2222222222222222,0.0,0.0,2
ConvAbuse-test-71,0.0,0.0,0.0,0
ConvAbuse-test-72,0.0,0.0,0.0,0
ConvAbuse-test-73,0.25,0.0,0.0,0
ConvAbuse-test-74,0.0,2.0,2.0,2
ConvAbuse-test-75,0.0,0.0,0.0,0
ConvAbuse-test-76,0.0,0.0,0.0,0
ConvAbuse-test-77,0.1875,0.0,0.0,0
ConvAbuse-test-78,0.0,0.0,0.0,0
ConvAbuse-test-79,0.24,0.0,1.0,1
ConvAbuse-test-80,0.2222222222222222,0.0,0.0,0
ConvAbuse-test-81,0.0,0.0,0.0,0
ConvAbuse-test-82,0.0,1.0,0.0,1
ConvAbuse-test-83,0.0,0.0,0.0,0
ConvAbuse-test-84,0.0,0.0,1.0,0
ConvAbuse-test-85,0.0,0.0,0.0,0
ConvAbuse-test-86,0.0,0.0,0.0,0
ConvAbuse-test-87,0.0,2.0,0.0,0
ConvAbuse-test-88,0.0,0.0,0.0,0
ConvAbuse-test-89,0.0,0.0,0.0,0
ConvAbuse-test-90,0.0,0.0,0.0,0
ConvAbuse-test-91,0.0,1.0,2.0,1
ConvAbuse-test-92,0.0,0.0,0.0,0
ConvAbuse-test-93,0.0,0.0,2.0,2
ConvAbuse-test-94,0.2222222222222222,0.0,0.0,1
ConvAbuse-test-95,0.0,0.0,1.0,1
ConvAbuse-test-96,0.0,0.0,0.0,0
ConvAbuse-test-97,0.0,0.0,0.0,0
ConvAbuse-test-98,0.2222222222222222,0.0,0.0,0
ConvAbuse-test-99,0.0,0.0,0.0,1
ConvAbuse-test-100,0.0,2.0,1.0,1
ConvAbuse-test-101,0.0,0.0,0.0,0
ConvAbuse-test-102,0.0,2.0,1.0,1
ConvAbuse-test-103,0.25,0.0,1.0,0
ConvAbuse-test-104,0.0,0.0,0.0,0
ConvAbuse-test-105,0.0,0.0,0.0,2
ConvAbuse-test-106,0.0,0.0,0.0,0
ConvAbuse-test-107,0.0,0.0,0.0,0
ConvAbuse-test-108,0.0,1.0,0.0,1
ConvAbuse-test-109,0.0,0.0,0.0,0
ConvAbuse-test-110,0.2222222222222222,0.0,0.0,0
ConvAbuse-test-111,0.2222222222222222,1.0,0.0,1
ConvAbuse-test-112,0.0,0.0,1.0,0
ConvAbuse-test-113,0.0,2.0,1.0,1
ConvAbuse-test-114,0.0,0.0,0.0,0
ConvAbuse-test-115,0.0,1.0,1.0,0
ConvAbuse-test-116,0.0,0.0,0.0,0
ConvAbuse-test-117,0.0,0.0,0.0,0
ConvAbuse-test-118,0.0,0.0,0.0,0
ConvAbuse-test-119,0.0,2.0,0.0,1
ConvAbuse-test-120,0.2222222222222222,1.0,2.0,1
ConvAbuse-test-121,0.0,0.0,0.0,2
ConvAbuse-test-122,0.0,0.0,0.0,0
ConvAbuse-test-123,0.2222222222222222,0.0,0.0,1
ConvAbuse-test-124,0.0,0.0,0.0,0
ConvAbuse-test-125,0.2222222222222222,0.0,0.0,1
ConvAbuse-test-126,0.0,0.0,0.0,0
ConvAbuse-test-127,0.0,0.0,0.0,0
ConvAbuse-test-128,0.0,0.0,0.0,0
ConvAbuse-test-129,0.0,0.0,2.0,1
ConvAbuse-test-130,0.25,1.0,2.0,2
ConvAbuse-test-131,0.0,0.0,0.0,0
ConvAbuse-test-132,0.0,0.0,0.0,0
ConvAbuse-test-133,0.0,0.0,0.0,0
ConvAbuse-test-134,0.0,1.0,1.0,1
ConvAbuse-test-135,0.0,0.0,0.0,0
ConvAbuse-test-136,0.2222222222222222,1.0,1.0,0
ConvAbuse-test-137,0.0,0.0,0.0,0
ConvAbuse-test-138,0.0,1.0,0.0,0
ConvAbuse-test-139,0.2222222222222222,1.0,1.0,0
ConvAbuse-test-140,0.1875,0.0,1.0,0
ConvAbuse-test-141,0.0,2.0,2.0,2
ConvAbuse-test-142,0.2222222222222222,0.0,0.0,0
ConvAbuse-test-143,0.0,0.0,0.0,0
ConvAbuse-test-144,0.0,0.0,0.0,0
ConvAbuse-test-145,0.0,1.0,0.0,2
ConvAbuse-test-146,0.0,0.0,0.0,0
ConvAbuse-test-147,0.0,0.0,0.0,0
ConvAbuse-test-148,0.2222222222222222,0.0,0.0,1
ConvAbuse-test-149,0.0,0.0,0.0,0
ConvAbuse-test-150,0.0,0.0,0.0,0
ConvAbuse-test-151,0.0,0.0,0.0,0
ConvAbuse-test-152,0.0,0.0,0.0,0
ConvAbuse-test-153,0.0,2.0,0.0,0
ConvAbuse-test-154,0.0,0.0,0.0,0
ConvAbuse-test-155,0.1875,1.0,1.0,1
ConvAbuse-test-156,0.0,0.0,0.0,0
ConvAbuse-test-157,0.0,1.0,1.0,1
ConvAbuse-test-158,0.2222222222222222,0.0,0.0,0
ConvAbuse-test-159,0.2222222222222222,1.0,0.0,1
ConvAbuse-test-160,0.0,1.0,1.0,1
ConvAbuse-test-161,0.0,0.0,0.0,0
ConvAbuse-test-162,0.0,0.0,0.0,0
ConvAbuse-test-163,0.0,0.0,0.0,0
ConvAbuse-test-164,0.0,0.0,0.0,0
ConvAbuse-test-165,0.1875,0.0,0.0,2
ConvAbuse-test-166,0.0,0.0,0.0,0
ConvAbuse-test-167,0.0,0.0,0.0,0
ConvAbuse-test-168,0.0,0.0,0.0,0
ConvAbuse-test-169,0.2222222222222222,0.0,0.0,0
ConvAbuse-test-170,0.0,1.0,1.0,2
ConvAbuse-test-171,0.0,2.0,0.0,2
ConvAbuse-test-172,0.0,1.0,0.0,1
ConvAbuse-test-173,0.0,0.0,0.0,0
ConvAbuse-test-174,0.0,1.0,1.0,1
ConvAbuse-test-175,0.0,0.0,0.0,0
ConvAbuse-test-176,0.0,0.0,0.0,0
ConvAbuse-test-177,0.0,0.0,0.0,0
ConvAbuse-test-178,0.0,1.0,1.0,1
ConvAbuse-test-179,0.0,0.0,2.0,0
ConvAbuse-test-180,0.0,1.0,1.0,1
ConvAbuse-test-181,0.0,0.0,0.0,1
ConvAbuse-test-182,0.0,0.0,0.0,0
ConvAbuse-test-183,0.2222222222222222,0.0,0.0,0
ConvAbuse-test-184,0.1599999999999999,0.0,0.0,2
ConvAbuse-test-185,0.0,0.0,0.0,0
ConvAbuse-test-186,0.0,0.0,0.0,0
ConvAbuse-test-187,0.0,0.0,0.0,0
ConvAbuse-test-188,0.0,0.0,0.0,0
ConvAbuse-test-189,0.0,0.0,0.0,0
ConvAbuse-test-190,0.0,2.0,0.0,2
ConvAbuse-test-191,0.0,0.0,0.0,0
ConvAbuse-test-192,0.0,0.0,1.0,0
ConvAbuse-test-193,0.0,0.0,0.0,0
ConvAbuse-test-194,0.0,0.0,0.0,0
ConvAbuse-test-195,0.0,0.0,0.0,0
ConvAbuse-test-196,0.0,0.0,0.0,0
ConvAbuse-test-197,0.0,0.0,0.0,0
ConvAbuse-test-198,0.2222222222222222,0.0,0.0,0
ConvAbuse-test-199,0.0,0.0,0.0,0
ConvAbuse-test-200,0.0,0.0,0.0,0
ConvAbuse-test-201,0.0,0.0,0.0,0
ConvAbuse-test-202,0.0,0.0,0.0,0
ConvAbuse-test-203,0.0,0.0,0.0,0
ConvAbuse-test-204,0.0,0.0,0.0,0
ConvAbuse-test-205,0.0,0.0,0.0,0
ConvAbuse-test-206,0.0,2.0,0.0,1
ConvAbuse-test-207,0.0,1.0,0.0,0
ConvAbuse-test-208,0.0,0.0,0.0,0
ConvAbuse-test-209,0.0,1.0,1.0,1
ConvAbuse-test-210,0.1599999999999999,0.0,0.0,0
ConvAbuse-test-211,0.0,1.0,1.0,0
ConvAbuse-test-212,0.0,0.0,0.0,0
ConvAbuse-test-213,0.0,1.0,1.0,1
ConvAbuse-test-214,0.0,0.0,0.0,0
ConvAbuse-test-215,0.0,0.0,0.0,0
ConvAbuse-test-216,0.0,2.0,0.0,2
ConvAbuse-test-217,0.0,0.0,0.0,0
ConvAbuse-test-218,0.1875,0.0,0.0,0
ConvAbuse-test-219,0.0,0.0,0.0,0
ConvAbuse-test-220,0.0,0.0,0.0,0
ConvAbuse-test-221,0.0,2.0,2.0,2
ConvAbuse-test-222,0.0,0.0,0.0,0
ConvAbuse-test-223,0.0,0.0,0.0,0
ConvAbuse-test-224,0.0,0.0,1.0,1
ConvAbuse-test-225,0.25,0.0,0.0,0
ConvAbuse-test-226,0.0,0.0,0.0,0
ConvAbuse-test-227,0.24,0.0,0.0,0
ConvAbuse-test-228,0.0,0.0,0.0,0
ConvAbuse-test-229,0.0,0.0,0.0,0
ConvAbuse-test-230,0.0,0.0,0.0,0
ConvAbuse-test-231,0.2222222222222222,0.0,0.0,0
ConvAbuse-test-232,0.0,0.0,1.0,0
ConvAbuse-test-233,0.0,1.0,0.0,0
ConvAbuse-test-234,0.2222222222222222,0.0,0.0,0
ConvAbuse-test-235,0.0,0.0,0.0,0
ConvAbuse-test-236,0.0,0.0,0.0,0
ConvAbuse-test-237,0.0,0.0,0.0,0
ConvAbuse-test-238,0.2222222222222222,0.0,0.0,0
ConvAbuse-test-239,0.25,2.0,2.0,2
ConvAbuse-test-240,0.0,1.0,1.0,1
ConvAbuse-test-241,0.2222222222222222,0.0,0.0,0
ConvAbuse-test-242,0.0,0.0,0.0,0
ConvAbuse-test-243,0.0,0.0,0.0,0
ConvAbuse-test-244,0.0,0.0,0.0,0
ConvAbuse-test-245,0.0,0.0,0.0,0
ConvAbuse-test-246,0.2222222222222222,0.0,0.0,0
ConvAbuse-test-247,0.0,0.0,0.0,0
ConvAbuse-test-248,0.0,0.0,0.0,0
ConvAbuse-test-249,0.0,0.0,0.0,0
ConvAbuse-test-250,0.0,0.0,0.0,0
ConvAbuse-test-251,0.0,0.0,0.0,0
ConvAbuse-test-252,0.0,1.0,0.0,1
ConvAbuse-test-253,0.0,0.0,0.0,0
ConvAbuse-test-254,0.0,0.0,0.0,0
ConvAbuse-test-255,0.0,1.0,0.0,0
ConvAbuse-test-256,0.2222222222222222,0.0,0.0,0
ConvAbuse-test-257,0.0,0.0,1.0,1
ConvAbuse-test-258,0.0,0.0,0.0,0
ConvAbuse-test-259,0.25,0.0,0.0,2
ConvAbuse-test-260,0.0,0.0,0.0,0
ConvAbuse-test-261,0.0,0.0,0.0,0
ConvAbuse-test-262,0.0,0.0,1.0,0
ConvAbuse-test-263,0.0,0.0,0.0,0
ConvAbuse-test-264,0.0,0.0,0.0,0
ConvAbuse-test-265,0.0,0.0,0.0,0
ConvAbuse-test-266,0.1875,2.0,2.0,1
ConvAbuse-test-267,0.0,0.0,0.0,0
ConvAbuse-test-268,0.0,0.0,0.0,0
ConvAbuse-test-269,0.0,0.0,0.0,0
ConvAbuse-test-270,0.0,0.0,0.0,0
ConvAbuse-test-271,0.2222222222222222,0.0,0.0,0
ConvAbuse-test-272,0.0,0.0,0.0,0
ConvAbuse-test-273,0.2222222222222222,0.0,0.0,1
ConvAbuse-test-274,0.0,0.0,0.0,0
ConvAbuse-test-275,0.0,1.0,0.0,1
ConvAbuse-test-276,0.0,0.0,0.0,0
ConvAbuse-test-277,0.0,0.0,1.0,0
ConvAbuse-test-278,0.1599999999999999,2.0,1.0,2
ConvAbuse-test-279,0.0,0.0,0.0,0
ConvAbuse-test-280,0.0,0.0,0.0,0
ConvAbuse-test-281,0.0,0.0,0.0,0
ConvAbuse-test-282,0.2222222222222222,0.0,0.0,0
ConvAbuse-test-283,0.0,0.0,0.0,0
ConvAbuse-test-284,0.0,1.0,0.0,0
ConvAbuse-test-285,0.0,2.0,0.0,1
ConvAbuse-test-286,0.2222222222222222,1.0,1.0,2
ConvAbuse-test-287,0.0,0.0,0.0,0
ConvAbuse-test-288,0.0,0.0,0.0,0
ConvAbuse-test-289,0.2222222222222222,1.0,1.0,1
ConvAbuse-test-290,0.0,0.0,0.0,0
ConvAbuse-test-291,0.0,1.0,1.0,1
ConvAbuse-test-292,0.25,0.0,0.0,0
ConvAbuse-test-293,0.0,0.0,0.0,0
ConvAbuse-test-294,0.0,0.0,0.0,0
ConvAbuse-test-295,0.25,0.0,0.0,0
ConvAbuse-test-296,0.1875,0.0,0.0,0
ConvAbuse-test-297,0.0,1.0,1.0,1
ConvAbuse-test-298,0.0,0.0,0.0,0
ConvAbuse-test-299,0.0,0.0,0.0,0
ConvAbuse-test-300,0.0,2.0,0.0,0
ConvAbuse-test-301,0.2222222222222222,0.0,0.0,0
ConvAbuse-test-302,0.0,0.0,0.0,0
ConvAbuse-test-303,0.0,0.0,0.0,0
ConvAbuse-test-304,0.0,0.0,0.0,0
ConvAbuse-test-305,0.0,0.0,0.0,0
ConvAbuse-test-306,0.0,0.0,0.0,0
ConvAbuse-test-307,0.0,0.0,0.0,0
ConvAbuse-test-308,0.0,0.0,0.0,0
ConvAbuse-test-309,0.2222222222222222,2.0,2.0,2
ConvAbuse-test-310,0.0,0.0,0.0,0
ConvAbuse-test-311,0.0,0.0,0.0,0
ConvAbuse-test-312,0.0,0.0,0.0,0
ConvAbuse-test-313,0.0,0.0,0.0,0
ConvAbuse-test-314,0.2222222222222222,0.0,0.0,0
ConvAbuse-test-315,0.2222222222222222,0.0,1.0,1
ConvAbuse-test-316,0.0,1.0,0.0,0
ConvAbuse-test-317,0.0,0.0,0.0,0
ConvAbuse-test-318,0.0,0.0,0.0,0
ConvAbuse-test-319,0.0,0.0,0.0,1
ConvAbuse-test-320,0.0,0.0,0.0,0
ConvAbuse-test-321,0.0,0.0,0.0,0
ConvAbuse-test-322,0.0,2.0,2.0,2
ConvAbuse-test-323,0.2222222222222222,1.0,0.0,0
ConvAbuse-test-324,0.2222222222222222,0.0,0.0,0
ConvAbuse-test-325,0.0,1.0,,1
ConvAbuse-test-326,0.0,0.0,0.0,0
ConvAbuse-test-327,0.2222222222222222,1.0,1.0,1
ConvAbuse-test-328,0.0,0.0,0.0,0
ConvAbuse-test-329,0.1599999999999999,0.0,0.0,0
ConvAbuse-test-330,0.0,0.0,2.0,0
ConvAbuse-test-331,0.0,0.0,0.0,0
ConvAbuse-test-332,0.0,0.0,0.0,0
ConvAbuse-test-333,0.0,0.0,0.0,0
ConvAbuse-test-334,0.0,0.0,1.0,1
ConvAbuse-test-335,0.1875,1.0,0.0,1
ConvAbuse-test-336,0.25,1.0,1.0,1
ConvAbuse-test-337,0.0,0.0,0.0,0
ConvAbuse-test-338,0.2222222222222222,0.0,0.0,0
ConvAbuse-test-339,0.0,0.0,0.0,0
ConvAbuse-test-340,0.2222222222222222,0.0,0.0,2
ConvAbuse-test-341,0.0,0.0,0.0,0
ConvAbuse-test-342,0.0,0.0,0.0,0
ConvAbuse-test-343,0.0,0.0,2.0,0
ConvAbuse-test-344,0.0,0.0,1.0,0
ConvAbuse-test-345,0.0,1.0,1.0,1
ConvAbuse-test-346,0.0,0.0,0.0,0
ConvAbuse-test-347,0.0,0.0,0.0,0
ConvAbuse-test-348,0.0,0.0,0.0,0
ConvAbuse-test-349,0.0,0.0,0.0,0
ConvAbuse-test-350,0.0,0.0,0.0,0
ConvAbuse-test-351,0.0,0.0,0.0,0
ConvAbuse-test-352,0.0,0.0,0.0,0
ConvAbuse-test-353,0.0,1.0,0.0,0
ConvAbuse-test-354,0.0,0.0,0.0,0
ConvAbuse-test-355,0.2222222222222222,0.0,0.0,0
ConvAbuse-test-356,0.25,0.0,0.0,0
ConvAbuse-test-357,0.2222222222222222,1.0,1.0,1
ConvAbuse-test-358,0.0,0.0,0.0,0
ConvAbuse-test-359,0.0,0.0,0.0,0
ConvAbuse-test-360,0.0,0.0,0.0,0
ConvAbuse-test-361,0.0,2.0,2.0,1
ConvAbuse-test-362,0.0,0.0,0.0,0
ConvAbuse-test-363,0.0,0.0,0.0,0
ConvAbuse-test-364,0.0,0.0,0.0,0
ConvAbuse-test-365,0.0,0.0,0.0,0
ConvAbuse-test-366,0.2222222222222222,0.0,0.0,1
ConvAbuse-test-367,0.0,0.0,0.0,0
ConvAbuse-test-368,0.0,0.0,0.0,0
ConvAbuse-test-369,0.0,0.0,2.0,0
ConvAbuse-test-370,0.0,0.0,0.0,0
ConvAbuse-test-371,0.0,0.0,0.0,0
ConvAbuse-test-372,0.0,0.0,0.0,0
ConvAbuse-test-373,0.0,0.0,0.0,0
ConvAbuse-test-374,0.0,0.0,1.0,2
ConvAbuse-test-375,0.0,0.0,0.0,0
ConvAbuse-test-376,0.0,0.0,0.0,0
ConvAbuse-test-377,0.0,0.0,0.0,0
ConvAbuse-test-378,0.0,0.0,0.0,0
ConvAbuse-test-379,0.0,0.0,0.0,0
ConvAbuse-test-380,0.0,1.0,1.0,2
ConvAbuse-test-381,0.2222222222222222,0.0,1.0,0
ConvAbuse-test-382,0.0,1.0,2.0,1
ConvAbuse-test-383,0.0,1.0,1.0,1
ConvAbuse-test-384,0.0,1.0,1.0,1
ConvAbuse-test-385,0.0,0.0,0.0,0
ConvAbuse-test-386,0.0,0.0,0.0,0
ConvAbuse-test-387,0.0,0.0,0.0,0
ConvAbuse-test-388,0.0,0.0,0.0,0
ConvAbuse-test-389,0.0,0.0,2.0,2
ConvAbuse-test-390,0.0,0.0,0.0,0
ConvAbuse-test-391,0.0,0.0,0.0,0
ConvAbuse-test-392,0.0,0.0,0.0,0
ConvAbuse-test-393,0.0,0.0,0.0,0
ConvAbuse-test-394,0.25,0.0,0.0,0
ConvAbuse-test-395,0.0,0.0,0.0,0
ConvAbuse-test-396,0.16,0.0,1.0,0
ConvAbuse-test-397,0.0,2.0,1.0,2
ConvAbuse-test-398,0.0,0.0,0.0,0
ConvAbuse-test-399,0.0,1.0,2.0,2
ConvAbuse-test-400,0.0,0.0,0.0,0
ConvAbuse-test-401,0.0,0.0,0.0,0
ConvAbuse-test-402,0.0,0.0,0.0,0
ConvAbuse-test-403,0.1599999999999999,1.0,0.0,0
ConvAbuse-test-404,0.2222222222222222,1.0,1.0,1
ConvAbuse-test-405,0.2222222222222222,0.0,0.0,0
ConvAbuse-test-406,0.0,0.0,0.0,0
ConvAbuse-test-407,0.2222222222222222,0.0,0.0,0
ConvAbuse-test-408,0.0,2.0,2.0,1
ConvAbuse-test-409,0.2222222222222222,1.0,1.0,1
ConvAbuse-test-410,0.0,0.0,0.0,0
ConvAbuse-test-411,0.0,0.0,0.0,0
ConvAbuse-test-412,0.0,0.0,0.0,0
ConvAbuse-test-413,0.0,0.0,0.0,0
ConvAbuse-test-414,0.0,0.0,0.0,0
ConvAbuse-test-415,0.0,1.0,0.0,0
ConvAbuse-test-416,0.0,0.0,0.0,0
ConvAbuse-test-417,0.2222222222222222,1.0,0.0,1
ConvAbuse-test-418,0.0,0.0,0.0,0
ConvAbuse-test-419,0.0,0.0,0.0,0
ConvAbuse-test-420,0.2222222222222222,1.0,1.0,1
ConvAbuse-test-421,0.2222222222222222,1.0,1.0,1
ConvAbuse-test-422,0.0,2.0,1.0,1
ConvAbuse-test-423,0.0,1.0,1.0,1
ConvAbuse-test-424,0.2222222222222222,1.0,2.0,2
ConvAbuse-test-425,0.0,0.0,2.0,2
ConvAbuse-test-426,0.1599999999999999,0.0,0.0,0
ConvAbuse-test-427,0.1388888888888888,0.0,0.0,0
ConvAbuse-test-428,0.25,1.0,1.0,1
ConvAbuse-test-429,0.0,0.0,0.0,1
ConvAbuse-test-430,0.0,0.0,0.0,0
ConvAbuse-test-431,0.0,0.0,0.0,0
ConvAbuse-test-432,0.0,0.0,0.0,0
ConvAbuse-test-433,0.0,0.0,0.0,0
ConvAbuse-test-434,0.0,0.0,0.0,0
ConvAbuse-test-435,0.0,0.0,0.0,0
ConvAbuse-test-436,0.0,0.0,0.0,0
ConvAbuse-test-437,0.0,0.0,0.0,0
ConvAbuse-test-438,0.0,0.0,0.0,0
ConvAbuse-test-439,0.2222222222222222,0.0,0.0,0
ConvAbuse-test-440,0.1875,0.0,0.0,0
ConvAbuse-test-441,0.25,0.0,0.0,0
ConvAbuse-test-442,0.0,0.0,0.0,0
ConvAbuse-test-443,0.0,0.0,0.0,0
ConvAbuse-test-444,0.0,0.0,0.0,0
ConvAbuse-test-445,0.0,0.0,0.0,0
ConvAbuse-test-446,0.0,1.0,1.0,1
ConvAbuse-test-447,0.0,0.0,0.0,0
ConvAbuse-test-448,0.0,1.0,0.0,0
ConvAbuse-test-449,0.2222222222222222,1.0,0.0,2
ConvAbuse-test-450,0.0,0.0,0.0,0
ConvAbuse-test-451,0.0,0.0,0.0,0
ConvAbuse-test-452,0.0,0.0,0.0,0
ConvAbuse-test-453,0.0,0.0,0.0,0
ConvAbuse-test-454,0.25,0.0,0.0,0
ConvAbuse-test-455,0.0,1.0,1.0,1
ConvAbuse-test-456,0.0,0.0,0.0,0
ConvAbuse-test-457,0.25,0.0,0.0,0
ConvAbuse-test-458,0.0,0.0,0.0,0
ConvAbuse-test-459,0.0,0.0,0.0,0
ConvAbuse-test-460,0.2222222222222222,0.0,0.0,0
ConvAbuse-test-461,0.0,1.0,0.0,1
ConvAbuse-test-462,0.0,0.0,1.0,1
ConvAbuse-test-463,0.0,1.0,1.0,0
ConvAbuse-test-464,0.0,0.0,1.0,0
ConvAbuse-test-465,0.0,0.0,0.0,0
ConvAbuse-test-466,0.2222222222222222,0.0,0.0,0
ConvAbuse-test-467,0.0,1.0,1.0,1
ConvAbuse-test-468,0.0,0.0,1.0,1
ConvAbuse-test-469,0.0,0.0,0.0,0
ConvAbuse-test-470,0.0,1.0,1.0,1
ConvAbuse-test-471,0.0,0.0,0.0,0
ConvAbuse-test-472,0.0,0.0,0.0,0
ConvAbuse-test-473,0.0,0.0,0.0,0
ConvAbuse-test-474,0.0,0.0,1.0,0
ConvAbuse-test-475,0.0,1.0,1.0,0
ConvAbuse-test-476,0.0,0.0,0.0,0
ConvAbuse-test-477,0.0,0.0,0.0,0
ConvAbuse-test-478,0.0,0.0,0.0,0
ConvAbuse-test-479,0.0,0.0,0.0,0
ConvAbuse-test-480,0.0,0.0,0.0,0
ConvAbuse-test-481,0.0,0.0,0.0,0
ConvAbuse-test-482,0.2222222222222222,0.0,1.0,1
ConvAbuse-test-483,0.0,0.0,0.0,0
ConvAbuse-test-484,0.0,0.0,0.0,0
ConvAbuse-test-485,0.0,0.0,0.0,0
ConvAbuse-test-486,0.0,0.0,0.0,0
ConvAbuse-test-487,0.2222222222222222,0.0,0.0,1
ConvAbuse-test-488,0.0,0.0,0.0,1
ConvAbuse-test-489,0.0,0.0,2.0,0
ConvAbuse-test-490,0.0,0.0,0.0,0
ConvAbuse-test-491,0.0,0.0,0.0,0
ConvAbuse-test-492,0.2222222222222222,1.0,0.0,1
ConvAbuse-test-493,0.0,0.0,0.0,0
ConvAbuse-test-494,0.0,0.0,0.0,0
ConvAbuse-test-495,0.0,0.0,0.0,0
ConvAbuse-test-496,0.0,0.0,1.0,0
ConvAbuse-test-497,0.0,0.0,0.0,0
ConvAbuse-test-498,0.0,0.0,1.0,0
ConvAbuse-test-499,0.0,0.0,0.0,0
ConvAbuse-test-500,0.2222222222222222,0.0,0.0,1
ConvAbuse-test-501,0.0,0.0,2.0,0
ConvAbuse-test-502,0.0,0.0,0.0,0
ConvAbuse-test-503,0.0,1.0,1.0,2
ConvAbuse-test-504,0.2222222222222222,0.0,0.0,0
ConvAbuse-test-505,0.0,2.0,1.0,1
ConvAbuse-test-506,0.0,0.0,0.0,0
ConvAbuse-test-507,0.0,0.0,0.0,0
ConvAbuse-test-508,0.0,0.0,0.0,0
ConvAbuse-test-509,0.1599999999999999,0.0,1.0,0
ConvAbuse-test-510,0.0,0.0,0.0,0
ConvAbuse-test-511,0.0,0.0,0.0,0
ConvAbuse-test-512,0.0,0.0,1.0,0
ConvAbuse-test-513,0.0,0.0,0.0,0
ConvAbuse-test-514,0.0,0.0,0.0,0
ConvAbuse-test-515,0.0,0.0,0.0,0
ConvAbuse-test-516,0.0,1.0,0.0,2
ConvAbuse-test-517,0.0,0.0,2.0,0
ConvAbuse-test-518,0.0,0.0,0.0,0
ConvAbuse-test-519,0.0,0.0,0.0,0
ConvAbuse-test-520,0.0,0.0,0.0,0
ConvAbuse-test-521,0.0,0.0,0.0,0
ConvAbuse-test-522,0.0,0.0,0.0,0
ConvAbuse-test-523,0.0,0.0,0.0,2
ConvAbuse-test-524,0.0,0.0,1.0,0
ConvAbuse-test-525,0.0,0.0,0.0,1
ConvAbuse-test-526,0.0,0.0,1.0,1
ConvAbuse-test-527,0.0,0.0,0.0,1
ConvAbuse-test-528,0.0,0.0,0.0,0
ConvAbuse-test-529,0.0,0.0,0.0,2
ConvAbuse-test-530,0.2222222222222222,0.0,1.0,1
ConvAbuse-test-531,0.0,0.0,0.0,0
ConvAbuse-test-532,0.0,0.0,0.0,0
ConvAbuse-test-533,0.25,0.0,1.0,0
ConvAbuse-test-534,0.0,0.0,0.0,0
ConvAbuse-test-535,0.0,0.0,0.0,0
ConvAbuse-test-536,0.0,0.0,0.0,0
ConvAbuse-test-537,0.0,0.0,0.0,1
ConvAbuse-test-538,0.0,1.0,0.0,1
ConvAbuse-test-539,0.25,0.0,1.0,1
ConvAbuse-test-540,0.0,0.0,0.0,0
ConvAbuse-test-541,0.0,0.0,0.0,0
ConvAbuse-test-542,0.0,0.0,0.0,0
ConvAbuse-test-543,0.0,0.0,0.0,0
ConvAbuse-test-544,0.2222222222222222,0.0,0.0,0
ConvAbuse-test-545,0.0,1.0,0.0,1
ConvAbuse-test-546,0.0,2.0,0.0,0
ConvAbuse-test-547,0.25,0.0,0.0,0
ConvAbuse-test-548,0.0,0.0,0.0,0
ConvAbuse-test-549,0.0,1.0,0.0,0
ConvAbuse-test-550,0.0,0.0,0.0,1
ConvAbuse-test-551,0.1875,0.0,0.0,0
ConvAbuse-test-552,0.0,2.0,0.0,0
ConvAbuse-test-553,0.0,0.0,0.0,0
ConvAbuse-test-554,0.0,0.0,0.0,0
ConvAbuse-test-555,0.0,0.0,0.0,0
ConvAbuse-test-556,0.0,0.0,0.0,0
ConvAbuse-test-557,0.0,0.0,0.0,0
ConvAbuse-test-558,0.0,0.0,0.0,0
ConvAbuse-test-559,0.0,0.0,0.0,0
ConvAbuse-test-560,0.0,0.0,1.0,0
ConvAbuse-test-561,0.25,0.0,0.0,0
ConvAbuse-test-562,0.0,2.0,0.0,0
ConvAbuse-test-563,0.0,0.0,0.0,0
ConvAbuse-test-564,0.0,1.0,2.0,1
ConvAbuse-test-565,0.0,0.0,0.0,0
ConvAbuse-test-566,0.0,0.0,0.0,0
ConvAbuse-test-567,0.2222222222222222,0.0,0.0,0
ConvAbuse-test-568,0.0,0.0,0.0,0
ConvAbuse-test-569,0.2222222222222222,2.0,0.0,0
ConvAbuse-test-570,0.0,0.0,0.0,0
ConvAbuse-test-571,0.25,0.0,0.0,0
ConvAbuse-test-572,0.25,1.0,0.0,0
ConvAbuse-test-573,0.0,0.0,0.0,0
ConvAbuse-test-574,0.0,0.0,0.0,0
ConvAbuse-test-575,0.0,0.0,0.0,0
ConvAbuse-test-576,0.0,0.0,1.0,0
ConvAbuse-test-577,0.0,1.0,0.0,0
ConvAbuse-test-578,0.0,0.0,0.0,0
ConvAbuse-test-579,0.2222222222222222,0.0,0.0,0
ConvAbuse-test-580,0.0,1.0,0.0,0
ConvAbuse-test-581,0.0,0.0,0.0,0
ConvAbuse-test-582,0.2222222222222222,1.0,1.0,1
ConvAbuse-test-583,0.0,0.0,0.0,0
ConvAbuse-test-584,0.0,0.0,0.0,0
ConvAbuse-test-585,0.0,0.0,0.0,0
ConvAbuse-test-586,0.0,1.0,1.0,1
ConvAbuse-test-587,0.0,0.0,0.0,0
ConvAbuse-test-588,0.0,0.0,0.0,0
ConvAbuse-test-589,0.0,0.0,0.0,0
ConvAbuse-test-590,0.0,0.0,2.0,1
ConvAbuse-test-591,0.0,0.0,0.0,0
ConvAbuse-test-592,0.0,0.0,1.0,2
ConvAbuse-test-593,0.0,0.0,0.0,0
ConvAbuse-test-594,0.0,0.0,0.0,0
ConvAbuse-test-595,0.0,0.0,0.0,0
ConvAbuse-test-596,0.0,0.0,0.0,0
ConvAbuse-test-597,0.0,0.0,0.0,0
ConvAbuse-test-598,0.0,0.0,1.0,1
ConvAbuse-test-599,0.2222222222222222,0.0,0.0,0
ConvAbuse-test-600,0.0,0.0,0.0,0
ConvAbuse-test-601,0.0,1.0,1.0,1
ConvAbuse-test-602,0.2222222222222222,1.0,1.0,1
ConvAbuse-test-603,0.0,0.0,0.0,0
ConvAbuse-test-604,0.1875,0.0,0.0,2
ConvAbuse-test-605,0.0,0.0,0.0,0
ConvAbuse-test-606,0.0,2.0,0.0,0
ConvAbuse-test-607,0.2222222222222222,0.0,1.0,0
ConvAbuse-test-608,0.24,1.0,1.0,1
ConvAbuse-test-609,0.0,0.0,0.0,1
ConvAbuse-test-610,0.0,1.0,0.0,1
ConvAbuse-test-611,0.0,0.0,0.0,0
ConvAbuse-test-612,0.0,0.0,0.0,0
ConvAbuse-test-613,0.0,0.0,1.0,0
ConvAbuse-test-614,0.0,0.0,0.0,0
ConvAbuse-test-615,0.0,0.0,0.0,0
ConvAbuse-test-616,0.0,0.0,0.0,0
ConvAbuse-test-617,0.0,0.0,0.0,0
ConvAbuse-test-618,0.0,0.0,0.0,0
ConvAbuse-test-619,0.0,0.0,1.0,0
ConvAbuse-test-620,0.0,0.0,0.0,2
ConvAbuse-test-621,0.0,0.0,2.0,0
ConvAbuse-test-622,0.0,0.0,0.0,0
ConvAbuse-test-623,0.0,0.0,0.0,0
ConvAbuse-test-624,0.0,0.0,0.0,0
ConvAbuse-test-625,0.0,0.0,0.0,1
ConvAbuse-test-626,0.0,0.0,1.0,1
ConvAbuse-test-627,0.2222222222222222,0.0,0.0,0
ConvAbuse-test-628,0.0,0.0,0.0,0
ConvAbuse-test-629,0.25,0.0,0.0,0
ConvAbuse-test-630,0.2222222222222222,0.0,0.0,0
ConvAbuse-test-631,0.0,0.0,0.0,0
ConvAbuse-test-632,0.0,0.0,0.0,0
ConvAbuse-test-633,0.2222222222222222,1.0,0.0,0
ConvAbuse-test-634,0.0,0.0,0.0,0
ConvAbuse-test-635,0.0,1.0,2.0,1
ConvAbuse-test-636,0.0,1.0,1.0,0
ConvAbuse-test-637,0.0,0.0,0.0,0
ConvAbuse-test-638,0.0,0.0,0.0,0
ConvAbuse-test-639,0.0,0.0,1.0,0
ConvAbuse-test-640,0.25,0.0,1.0,0
ConvAbuse-test-641,0.0,1.0,0.0,2
ConvAbuse-test-642,0.0,0.0,0.0,0
ConvAbuse-test-643,0.25,0.0,1.0,1
ConvAbuse-test-644,0.2222222222222222,0.0,0.0,0
ConvAbuse-test-645,0.0,0.0,0.0,0
ConvAbuse-test-646,0.0,0.0,1.0,0
ConvAbuse-test-647,0.0,0.0,0.0,0
ConvAbuse-test-648,0.0,1.0,2.0,1
ConvAbuse-test-649,0.0,0.0,0.0,0
ConvAbuse-test-650,0.0,1.0,0.0,0
ConvAbuse-test-651,0.2222222222222222,0.0,0.0,0
ConvAbuse-test-652,0.0,0.0,0.0,0
ConvAbuse-test-653,0.0,0.0,0.0,0
ConvAbuse-test-654,0.0,0.0,0.0,0
ConvAbuse-test-655,0.0,0.0,0.0,0
ConvAbuse-test-656,0.0,1.0,1.0,1
ConvAbuse-test-657,0.0,0.0,0.0,0
ConvAbuse-test-658,0.0,1.0,1.0,0
ConvAbuse-test-659,0.0,2.0,2.0,1
ConvAbuse-test-660,0.0,0.0,0.0,0
ConvAbuse-test-661,0.0,1.0,1.0,0
ConvAbuse-test-662,0.0,0.0,0.0,0
ConvAbuse-test-663,0.2222222222222222,0.0,0.0,0
ConvAbuse-test-664,0.2222222222222222,1.0,0.0,0
ConvAbuse-test-665,0.0,0.0,0.0,0
ConvAbuse-test-666,0.0,0.0,0.0,0
ConvAbuse-test-667,0.2222222222222222,0.0,0.0,0
ConvAbuse-test-668,0.0,0.0,0.0,0
ConvAbuse-test-669,0.0,0.0,0.0,0
ConvAbuse-test-670,0.0,0.0,0.0,0
ConvAbuse-test-671,0.0,0.0,0.0,0
ConvAbuse-test-672,0.0,1.0,0.0,1
ConvAbuse-test-673,0.2222222222222222,1.0,0.0,1
ConvAbuse-test-674,0.0,0.0,0.0,0
ConvAbuse-test-675,0.0,1.0,1.0,1
ConvAbuse-test-676,0.0,0.0,1.0,1
ConvAbuse-test-677,0.0,0.0,0.0,0
ConvAbuse-test-678,0.25,0.0,0.0,0
ConvAbuse-test-679,0.1875,0.0,0.0,0
ConvAbuse-test-680,0.0,0.0,1.0,0
ConvAbuse-test-681,0.2222222222222222,0.0,0.0,1
ConvAbuse-test-682,0.0,0.0,0.0,0
ConvAbuse-test-683,0.0,0.0,0.0,0
ConvAbuse-test-684,0.0,0.0,1.0,1
ConvAbuse-test-685,0.0,0.0,0.0,0
ConvAbuse-test-686,0.0,0.0,0.0,0
ConvAbuse-test-687,0.0,1.0,1.0,2
ConvAbuse-test-688,0.0,0.0,0.0,0
ConvAbuse-test-689,0.0,0.0,0.0,0
ConvAbuse-test-690,0.0,0.0,0.0,0
ConvAbuse-test-691,0.1388888888888888,0.0,0.0,0
ConvAbuse-test-692,0.0,1.0,2.0,0
ConvAbuse-test-693,0.0,0.0,0.0,0
ConvAbuse-test-694,0.0,0.0,0.0,0
ConvAbuse-test-695,0.2222222222222222,1.0,1.0,0
ConvAbuse-test-696,0.0,0.0,0.0,0
ConvAbuse-test-697,0.0,0.0,0.0,0
ConvAbuse-test-698,0.0,0.0,0.0,0
ConvAbuse-test-699,0.0,0.0,0.0,2
ConvAbuse-test-700,0.0,1.0,1.0,1
ConvAbuse-test-701,0.0,0.0,0.0,1
ConvAbuse-test-702,0.0,1.0,0.0,1
ConvAbuse-test-703,0.0,0.0,0.0,0
ConvAbuse-test-704,0.0,1.0,1.0,1
ConvAbuse-test-705,0.0,0.0,0.0,0
ConvAbuse-test-706,0.0,1.0,1.0,1
ConvAbuse-test-707,0.0,0.0,0.0,0
ConvAbuse-test-708,0.0,0.0,0.0,1
ConvAbuse-test-709,0.2222222222222222,0.0,0.0,0
ConvAbuse-test-710,0.25,1.0,1.0,1
ConvAbuse-test-711,0.0,0.0,0.0,0
ConvAbuse-test-712,0.0,2.0,0.0,2
ConvAbuse-test-713,0.0,0.0,0.0,0
ConvAbuse-test-714,0.2222222222222222,0.0,0.0,0
ConvAbuse-test-715,0.2222222222222222,0.0,0.0,0
ConvAbuse-test-716,0.0,1.0,2.0,2
ConvAbuse-test-717,0.0,0.0,0.0,0
ConvAbuse-test-718,0.0,0.0,1.0,0
ConvAbuse-test-719,0.0,0.0,0.0,0
ConvAbuse-test-720,0.0,0.0,1.0,0
ConvAbuse-test-721,0.0,0.0,0.0,0
ConvAbuse-test-722,0.0,0.0,0.0,0
ConvAbuse-test-723,0.0,0.0,0.0,1
ConvAbuse-test-724,0.0,0.0,1.0,1
ConvAbuse-test-725,0.0,2.0,1.0,1
ConvAbuse-test-726,0.1875,0.0,0.0,0
ConvAbuse-test-727,0.0,0.0,0.0,0
ConvAbuse-test-728,0.0,0.0,0.0,0
ConvAbuse-test-729,0.0,0.0,0.0,0
ConvAbuse-test-730,0.0,2.0,2.0,2
ConvAbuse-test-731,0.0,1.0,0.0,0
ConvAbuse-test-732,0.0,0.0,1.0,1
ConvAbuse-test-733,0.0,0.0,0.0,0
ConvAbuse-test-734,0.0,0.0,0.0,0
ConvAbuse-test-735,0.0,0.0,0.0,0
ConvAbuse-test-736,0.0,0.0,0.0,0
ConvAbuse-test-737,0.0,0.0,0.0,0
ConvAbuse-test-738,0.0,0.0,0.0,0
ConvAbuse-test-739,0.0,0.0,0.0,0
ConvAbuse-test-740,0.0,0.0,0.0,0
ConvAbuse-test-741,0.25,0.0,0.0,0
ConvAbuse-test-742,0.0,0.0,0.0,0
ConvAbuse-test-743,0.0,1.0,0.0,2
ConvAbuse-test-744,0.24,0.0,0.0,0
ConvAbuse-test-745,0.0,0.0,0.0,0
ConvAbuse-test-746,0.0,0.0,0.0,0
ConvAbuse-test-747,0.0,2.0,1.0,2
ConvAbuse-test-748,0.25,0.0,0.0,0
ConvAbuse-test-749,0.2222222222222222,0.0,0.0,0
ConvAbuse-test-750,0.0,0.0,0.0,0
ConvAbuse-test-751,0.1875,0.0,1.0,1
ConvAbuse-test-752,0.0,0.0,2.0,2
ConvAbuse-test-753,0.0,0.0,0.0,0
ConvAbuse-test-754,0.0,0.0,1.0,0
ConvAbuse-test-755,0.2222222222222222,0.0,0.0,0
ConvAbuse-test-756,0.0,0.0,0.0,0
ConvAbuse-test-757,0.2222222222222222,1.0,0.0,1
ConvAbuse-test-758,0.0,0.0,0.0,1
ConvAbuse-test-759,0.0,0.0,1.0,0
ConvAbuse-test-760,0.0,0.0,0.0,0
ConvAbuse-test-761,0.0,0.0,0.0,2
ConvAbuse-test-762,0.0,0.0,0.0,1
ConvAbuse-test-763,0.0,0.0,0.0,0
ConvAbuse-test-764,0.0,0.0,0.0,0
ConvAbuse-test-765,0.2222222222222222,0.0,0.0,0
ConvAbuse-test-766,0.0,0.0,0.0,0
ConvAbuse-test-767,0.0,0.0,0.0,0
ConvAbuse-test-768,0.0,0.0,0.0,0
ConvAbuse-test-769,0.0,0.0,0.0,0
ConvAbuse-test-770,0.2222222222222222,1.0,1.0,1
ConvAbuse-test-771,0.0,0.0,0.0,0
ConvAbuse-test-772,0.2222222222222222,0.0,0.0,0
ConvAbuse-test-773,0.0,0.0,0.0,0
ConvAbuse-test-774,0.0,0.0,0.0,0
ConvAbuse-test-775,0.2222222222222222,0.0,0.0,0
ConvAbuse-test-776,0.0,0.0,1.0,1
ConvAbuse-test-777,0.0,0.0,0.0,1
ConvAbuse-test-778,0.0,0.0,0.0,0
ConvAbuse-test-779,0.25,0.0,0.0,0
ConvAbuse-test-780,0.0,0.0,0.0,0
ConvAbuse-test-781,0.0,0.0,0.0,0
ConvAbuse-test-782,0.0,0.0,0.0,0
ConvAbuse-test-783,0.0,2.0,0.0,0
ConvAbuse-test-784,0.0,0.0,0.0,0
ConvAbuse-test-785,0.0,0.0,0.0,0
ConvAbuse-test-786,0.0,0.0,0.0,0
ConvAbuse-test-787,0.2222222222222222,0.0,0.0,0
ConvAbuse-test-788,0.0,0.0,0.0,0
ConvAbuse-test-789,0.0,1.0,0.0,0
ConvAbuse-test-790,0.2222222222222222,1.0,1.0,1
ConvAbuse-test-791,0.0,0.0,0.0,0
ConvAbuse-test-792,0.0,1.0,1.0,1
ConvAbuse-test-793,0.0,0.0,0.0,0
ConvAbuse-test-794,0.0,0.0,0.0,0
ConvAbuse-test-795,0.0,1.0,1.0,1
ConvAbuse-test-796,0.0,0.0,0.0,0
ConvAbuse-test-797,0.0,0.0,0.0,0
ConvAbuse-test-798,0.0,0.0,0.0,0
ConvAbuse-test-799,0.0,0.0,0.0,0
ConvAbuse-test-800,0.0,0.0,0.0,0
ConvAbuse-test-801,0.0,0.0,0.0,0
ConvAbuse-test-802,0.0,0.0,0.0,0
ConvAbuse-test-803,0.0,0.0,0.0,0
ConvAbuse-test-804,0.0,0.0,0.0,0
ConvAbuse-test-805,0.0,0.0,0.0,0
ConvAbuse-test-806,0.2222222222222222,1.0,1.0,0
ConvAbuse-test-807,0.0,1.0,0.0,1
ConvAbuse-test-808,0.0,0.0,0.0,0
ConvAbuse-test-809,0.0,0.0,0.0,0
ConvAbuse-test-810,0.2222222222222222,1.0,1.0,1
ConvAbuse-test-811,0.0,0.0,0.0,0
ConvAbuse-test-812,0.0,1.0,2.0,1
ConvAbuse-test-813,0.0,0.0,0.0,0
ConvAbuse-test-814,0.0,0.0,0.0,0
ConvAbuse-test-815,0.0,1.0,0.0,1
ConvAbuse-test-816,0.0,0.0,0.0,0
ConvAbuse-test-817,0.0,1.0,1.0,1
ConvAbuse-test-818,0.0,0.0,0.0,0
ConvAbuse-test-819,0.0,0.0,0.0,0
ConvAbuse-test-820,0.0,0.0,0.0,0
ConvAbuse-test-821,0.0,0.0,0.0,0
ConvAbuse-test-822,0.0,0.0,0.0,0
ConvAbuse-test-823,0.0,0.0,0.0,0
ConvAbuse-test-824,0.0,1.0,1.0,2
ConvAbuse-test-825,0.0,0.0,1.0,0
ConvAbuse-test-826,0.0,0.0,0.0,0
ConvAbuse-test-827,0.25,0.0,0.0,0
ConvAbuse-test-828,0.0,0.0,0.0,1
ConvAbuse-test-829,0.2222222222222222,0.0,1.0,2
ConvAbuse-test-830,0.0,0.0,0.0,0
ConvAbuse-test-831,0.0,0.0,0.0,0
ConvAbuse-test-832,0.0,0.0,0.0,0
ConvAbuse-test-833,0.0,0.0,0.0,0
ConvAbuse-test-834,0.0,0.0,0.0,0
ConvAbuse-test-835,0.0,0.0,0.0,0
ConvAbuse-test-836,0.0,0.0,0.0,0
ConvAbuse-test-837,0.24,0.0,1.0,0
ConvAbuse-test-838,0.25,0.0,0.0,0
ConvAbuse-test-839,0.25,0.0,0.0,0
ConvAbuse-test-840,0.0,0.0,0.0,0
